ply
format ascii 1.0
element vertex 4096
property float x
property float y
property float z
property float nx
property float ny
property float nz
property uchar red
property uchar green
property uchar blue
end_header
-1.0000 -1.0000 -1.0000 0.1353 -0.4353 0.0000 131 0 123
-1.0000 -1.0000 -0.8667 0.0133 -0.4094 0.1367 123 0 131
-1.0000 -1.0000 -0.7333 -0.0876 -0.3361 0.1829 110 0 144
-1.0000 -1.0000 -0.6000 -0.1500 -0.2280 0.1081 77 0 177
-1.0000 -1.0000 -0.4667 -0.1630 -0.1040 -0.0382 45 0 209
-1.0000 -1.0000 -0.3333 -0.1245 0.0147 -0.1593 47 0 207
-1.0000 -1.0000 -0.2000 -0.0410 0.1074 -0.1749 49 0 205
-1.0000 -1.0000 -0.0667 0.0730 0.1581 -0.0748 43 0 211
-1.0000 -1.0000 0.0667 0.1977 0.1581 0.0748 67 0 187
-1.0000 -1.0000 0.2000 0.3117 0.1074 0.1749 103 0 151
-1.0000 -1.0000 0.3333 0.3951 0.0147 0.1593 121 0 133
-1.0000 -1.0000 0.4667 0.4337 -0.1040 0.0382 128 0 126
-1.0000 -1.0000 0.6000 0.4207 -0.2280 -0.1081 142 0 112
-1.0000 -1.0000 0.7333 0.3583 -0.3361 -0.1829 153 0 101
-1.0000 -1.0000 0.8667 0.2574 -0.4094 -0.1367 146 0 108
-1.0000 -1.0000 1.0000 0.1353 -0.4353 -0.0000 131 0 123
-1.0000 -0.8667 -1.0000 0.1504 -0.4736 0.0000 144 0 110
-1.0000 -0.8667 -0.8667 0.0284 -0.4476 0.1548 137 0 117
-1.0000 -0.8667 -0.7333 -0.0725 -0.3743 0.2072 124 0 130
-1.0000 -0.8667 -0.6000 -0.1349 -0.2663 0.1224 87 0 167
-1.0000 -0.8667 -0.4667 -0.1479 -0.1422 -0.0433 49 0 205
-1.0000 -0.8667 -0.3333 -0.1094 -0.0236 -0.1804 50 0 204
-1.0000 -0.8667 -0.2000 -0.0259 0.0691 -0.1981 50 0 204
-1.0000 -0.8667 -0.0667 0.0881 0.1199 -0.0847 36 0 218
-1.0000 -0.8667 0.0667 0.2128 0.1199 0.0847 65 0 189
-1.0000 -0.8667 0.2000 0.3268 0.0691 0.1981 108 0 146
-1.0000 -0.8667 0.3333 0.4102 -0.0236 0.1804 128 0 126
-1.0000 -0.8667 0.4667 0.4488 -0.1422 0.0433 136 0 118
-1.0000 -0.8667 0.6000 0.4358 -0.2663 -0.1224 154 0 100
-1.0000 -0.8667 0.7333 0.3734 -0.3743 -0.2072 168 0 86
-1.0000 -0.8667 0.8667 0.2725 -0.4476 -0.1548 161 0 93
-1.0000 -0.8667 1.0000 0.1504 -0.4736 -0.0000 144 0 110
-1.0000 -0.7333 -1.0000 0.1576 -0.5149 0.0000 158 0 96
-1.0000 -0.7333 -0.8667 0.0355 -0.4889 0.1722 152 0 102
-1.0000 -0.7333 -0.7333 -0.0654 -0.4156 0.2305 139 0 115
-1.0000 -0.7333 -0.6000 -0.1278 -0.3076 0.1362 99 0 155
-1.0000 -0.7333 -0.4667 -0.1408 -0.1835 -0.0482 58 0 196
-1.0000 -0.7333 -0.3333 -0.1022 -0.0649 -0.2007 57 0 197
-1.0000 -0.7333 -0.2000 -0.0188 0.0278 -0.2204 54 0 200
-1.0000 -0.7333 -0.0667 0.0952 0.0786 -0.0943 31 0 223
-1.0000 -0.7333 0.0667 0.2199 0.0786 0.0943 63 0 191
-1.0000 -0.7333 0.2000 0.3339 0.0278 0.2204 113 0 141
-1.0000 -0.7333 0.3333 0.4174 -0.0649 0.2007 135 0 119
-1.0000 -0.7333 0.4667 0.4559 -0.1835 0.0482 143 0 111
-1.0000 -0.7333 0.6000 0.4429 -0.3076 -0.1362 164 0 90
-1.0000 -0.7333 0.7333 0.3805 -0.4156 -0.2305 181 0 73
-1.0000 -0.7333 0.8667 0.2796 -0.4889 -0.1722 175 0 79
-1.0000 -0.7333 1.0000 0.1576 -0.5149 -0.0000 158 0 96
-1.0000 -0.6000 -1.0000 0.1540 -0.5567 0.0000 171 0 83
-1.0000 -0.6000 -0.8667 0.0320 -0.5307 0.1882 167 0 87
-1.0000 -0.6000 -0.7333 -0.0689 -0.4574 0.2519 154 0 100
-1.0000 -0.6000 -0.6000 -0.1313 -0.3494 0.1489 113 0 141
-1.0000 -0.6000 -0.4667 -0.1444 -0.2253 -0.0527 70 0 184
-1.0000 -0.6000 -0.3333 -0.1058 -0.1067 -0.2194 68 0 186
-1.0000 -0.6000 -0.2000 -0.0223 -0.0140 -0.2409 60 0 194
-1.0000 -0.6000 -0.0667 0.0916 0.0368 -0.1030 27 0 227
-1.0000 -0.6000 0.0667 0.2164 0.0368 0.1030 60 0 194
-1.0000 -0.6000 0.2000 0.3303 -0.0140 0.2409 115 0 139
-1.0000 -0.6000 0.3333 0.4138 -0.1067 0.2194 139 0 115
-1.0000 -0.6000 0.4667 0.4524 -0.2253 0.0527 148 0 106
-1.0000 -0.6000 0.6000 0.4393 -0.3494 -0.1489 172 0 82
-1.0000 -0.6000 0.7333 0.3769 -0.4574 -0.2519 193 0 61
-1.0000 -0.6000 0.8667 0.2760 -0.5307 -0.1882 187 0 67
-1.0000 -0.6000 1.0000 0.1540 -0.5567 -0.0000 171 0 83
-1.0000 -0.4667 -1.0000 0.1381 -0.5959 0.0000 182 0 72
-1.0000 -0.4667 -0.8667 0.0161 -0.5700 0.2021 180 0 74
-1.0000 -0.4667 -0.7333 -0.0849 -0.4966 0.2705 169 0 85
-1.0000 -0.4667 -0.6000 -0.1472 -0.3886 0.1599 127 0 127
-1.0000 -0.4667 -0.4667 -0.1603 -0.2645 -0.0565 84 0 170
-1.0000 -0.4667 -0.3333 -0.1217 -0.1459 -0.2355 80 0 174
-1.0000 -0.4667 -0.2000 -0.0383 -0.0532 -0.2587 68 0 186
-1.0000 -0.4667 -0.0667 0.0757 -0.0024 -0.1106 24 0 230
-1.0000 -0.4667 0.0667 0.2005 -0.0024 0.1106 56 0 198
-1.0000 -0.4667 0.2000 0.3144 -0.0532 0.2587 116 0 138
-1.0000 -0.4667 0.3333 0.3979 -0.1459 0.2355 140 0 114
-1.0000 -0.4667 0.4667 0.4364 -0.2645 0.0565 150 0 104
-1.0000 -0.4667 0.6000 0.4234 -0.3886 -0.1599 177 0 77
-1.0000 -0.4667 0.7333 0.3610 -0.4966 -0.2705 202 0 52
-1.0000 -0.4667 0.8667 0.2601 -0.5700 -0.2021 198 0 56
-1.0000 -0.4667 1.0000 0.1381 -0.5959 -0.0000 182 0 72
-1.0000 -0.3333 -1.0000 0.1097 -0.6292 0.0000 191 0 63
-1.0000 -0.3333 -0.8667 -0.0123 -0.6033 0.2132 192 0 62
-1.0000 -0.3333 -0.7333 -0.1132 -0.5299 0.2853 183 0 71
-1.0000 -0.3333 -0.6000 -0.1756 -0.4219 0.1686 141 0 113
-1.0000 -0.3333 -0.4667 -0.1886 -0.2978 -0.0596 98 0 156
-1.0000 -0.3333 -0.3333 -0.1501 -0.1792 -0.2484 93 0 161
-1.0000 -0.3333 -0.2000 -0.0666 -0.0865 -0.2728 77 0 177
-1.0000 -0.3333 -0.0667 0.0474 -0.0357 -0.1167 23 0 231
-1.0000 -0.3333 0.0667 0.1721 -0.0357 0.1167 50 0 204
-1.0000 -0.3333 0.2000 0.2861 -0.0865 0.2728 114 0 140
-1.0000 -0.3333 0.3333 0.3695 -0.1792 0.2484 139 0 115
-1.0000 -0.3333 0.4667 0.4081 -0.2978 0.0596 148 0 106
-1.0000 -0.3333 0.6000 0.3950 -0.4219 -0.1686 179 0 75
-1.0000 -0.3333 0.7333 0.3327 -0.5299 -0.2853 208 0 46
-1.0000 -0.3333 0.8667 0.2318 -0.6033 -0.2132 205 0 49
-1.0000 -0.3333 1.0000 0.1097 -0.6292 -0.0000 191 0 63
-1.0000 -0.2000 -1.0000 0.0707 -0.6535 0.0000 197 0 57
-1.0000 -0.2000 -0.8667 -0.0513 -0.6275 0.2209 201 0 53
-1.0000 -0.2000 -0.7333 -0.1523 -0.5542 0.2956 194 0 60
-1.0000 -0.2000 -0.6000 -0.2146 -0.4462 0.1747 154 0 100
-1.0000 -0.2000 -0.4667 -0.2277 -0.3221 -0.0618 112 0 142
-1.0000 -0.2000 -0.3333 -0.1891 -0.2035 -0.2574 105 0 149
-1.0000 -0.2000 -0.2000 -0.1056 -0.1107 -0.2827 86 0 168
-1.0000 -0.2000 -0.0667 0.0083 -0.0600 -0.1209 25 0 229
-1.0000 -0.2000 0.0667 0.1331 -0.0600 0.1209 43 0 211
-1.0000 -0.2000 0.2000 0.2470 -0.1107 0.2827 109 0 145
-1.0000 -0.2000 0.3333 0.3305 -0.2035 0.2574 134 0 120
-1.0000 -0.2000 0.4667 0.3690 -0.3221 0.0618 143 0 111
-1.0000 -0.2000 0.6000 0.3560 -0.4462 -0.1747 177 0 77
-1.0000 -0.2000 0.7333 0.2936 -0.5542 -0.2956 209 0 45
-1.0000 -0.2000 0.8667 0.1927 -0.6275 -0.2209 209 0 45
-1.0000 -0.2000 1.0000 0.0707 -0.6535 -0.0000 197 0 57
-1.0000 -0.0667 -1.0000 0.0244 -0.6662 0.0000 201 0 53
-1.0000 -0.0667 -0.8667 -0.0976 -0.6403 0.2249 207 0 47
-1.0000 -0.0667 -0.7333 -0.1985 -0.5670 0.3009 202 0 52
-1.0000 -0.0667 -0.6000 -0.2609 -0.4590 0.1779 164 0 90
-1.0000 -0.0667 -0.4667 -0.2739 -0.3349 -0.0629 125 0 129
-1.0000 -0.0667 -0.3333 -0.2354 -0.2162 -0.2621 117 0 137
-1.0000 -0.0667 -0.2000 -0.1519 -0.1235 -0.2878 95 0 159
-1.0000 -0.0667 -0.0667 -0.0380 -0.0728 -0.1231 29 0 225
-1.0000 -0.0667 0.0667 0.0868 -0.0728 0.1231 35 0 219
-1.0000 -0.0667 0.2000 0.2008 -0.1235 0.2878 103 0 151
-1.0000 -0.0667 0.3333 0.2842 -0.2162 0.2621 126 0 128
-1.0000 -0.0667 0.4667 0.3228 -0.3349 0.0629 135 0 119
-1.0000 -0.0667 0.6000 0.3097 -0.4590 -0.1779 172 0 82
-1.0000 -0.0667 0.7333 0.2474 -0.5670 -0.3009 208 0 46
-1.0000 -0.0667 0.8667 0.1464 -0.6403 -0.2249 210 0 44
-1.0000 -0.0667 1.0000 0.0244 -0.6662 -0.0000 201 0 53
-1.0000 0.0667 -1.0000 -0.0244 -0.6662 0.0000 201 0 53
-1.0000 0.0667 -0.8667 -0.1464 -0.6403 0.2249 210 0 44
-1.0000 0.0667 -0.7333 -0.2474 -0.5670 0.3009 208 0 46
-1.0000 0.0667 -0.6000 -0.3097 -0.4590 0.1779 172 0 82
-1.0000 0.0667 -0.4667 -0.3228 -0.3349 -0.0629 135 0 119
-1.0000 0.0667 -0.3333 -0.2842 -0.2162 -0.2621 126 0 128
-1.0000 0.0667 -0.2000 -0.2008 -0.1235 -0.2878 103 0 151
-1.0000 0.0667 -0.0667 -0.0868 -0.0728 -0.1231 35 0 219
-1.0000 0.0667 0.0667 0.0380 -0.0728 0.1231 29 0 225
-1.0000 0.0667 0.2000 0.1519 -0.1235 0.2878 95 0 159
-1.0000 0.0667 0.3333 0.2354 -0.2162 0.2621 117 0 137
-1.0000 0.0667 0.4667 0.2739 -0.3349 0.0629 125 0 129
-1.0000 0.0667 0.6000 0.2609 -0.4590 -0.1779 164 0 90
-1.0000 0.0667 0.7333 0.1985 -0.5670 -0.3009 202 0 52
-1.0000 0.0667 0.8667 0.0976 -0.6403 -0.2249 207 0 47
-1.0000 0.0667 1.0000 -0.0244 -0.6662 -0.0000 201 0 53
-1.0000 0.2000 -1.0000 -0.0707 -0.6535 0.0000 197 0 57
-1.0000 0.2000 -0.8667 -0.1927 -0.6275 0.2209 209 0 45
-1.0000 0.2000 -0.7333 -0.2936 -0.5542 0.2956 209 0 45
-1.0000 0.2000 -0.6000 -0.3560 -0.4462 0.1747 177 0 77
-1.0000 0.2000 -0.4667 -0.3690 -0.3221 -0.0618 143 0 111
-1.0000 0.2000 -0.3333 -0.3305 -0.2035 -0.2574 134 0 120
-1.0000 0.2000 -0.2000 -0.2470 -0.1107 -0.2827 109 0 145
-1.0000 0.2000 -0.0667 -0.1331 -0.0600 -0.1209 43 0 211
-1.0000 0.2000 0.0667 -0.0083 -0.0600 0.1209 25 0 229
-1.0000 0.2000 0.2000 0.1056 -0.1107 0.2827 86 0 168
-1.0000 0.2000 0.3333 0.1891 -0.2035 0.2574 105 0 149
-1.0000 0.2000 0.4667 0.2277 -0.3221 0.0618 112 0 142
-1.0000 0.2000 0.6000 0.2146 -0.4462 -0.1747 154 0 100
-1.0000 0.2000 0.7333 0.1523 -0.5542 -0.2956 194 0 60
-1.0000 0.2000 0.8667 0.0513 -0.6275 -0.2209 201 0 53
-1.0000 0.2000 1.0000 -0.0707 -0.6535 -0.0000 197 0 57
-1.0000 0.3333 -1.0000 -0.1097 -0.6292 0.0000 191 0 63
-1.0000 0.3333 -0.8667 -0.2318 -0.6033 0.2132 205 0 49
-1.0000 0.3333 -0.7333 -0.3327 -0.5299 0.2853 208 0 46
-1.0000 0.3333 -0.6000 -0.3950 -0.4219 0.1686 179 0 75
-1.0000 0.3333 -0.4667 -0.4081 -0.2978 -0.0596 148 0 106
-1.0000 0.3333 -0.3333 -0.3695 -0.1792 -0.2484 139 0 115
-1.0000 0.3333 -0.2000 -0.2861 -0.0865 -0.2728 114 0 140
-1.0000 0.3333 -0.0667 -0.1721 -0.0357 -0.1167 50 0 204
-1.0000 0.3333 0.0667 -0.0474 -0.0357 0.1167 23 0 231
-1.0000 0.3333 0.2000 0.0666 -0.0865 0.2728 77 0 177
-1.0000 0.3333 0.3333 0.1501 -0.1792 0.2484 93 0 161
-1.0000 0.3333 0.4667 0.1886 -0.2978 0.0596 98 0 156
-1.0000 0.3333 0.6000 0.1756 -0.4219 -0.1686 141 0 113
-1.0000 0.3333 0.7333 0.1132 -0.5299 -0.2853 183 0 71
-1.0000 0.3333 0.8667 0.0123 -0.6033 -0.2132 192 0 62
-1.0000 0.3333 1.0000 -0.1097 -0.6292 -0.0000 191 0 63
-1.0000 0.4667 -1.0000 -0.1381 -0.5959 0.0000 182 0 72
-1.0000 0.4667 -0.8667 -0.2601 -0.5700 0.2021 198 0 56
-1.0000 0.4667 -0.7333 -0.3610 -0.4966 0.2705 202 0 52
-1.0000 0.4667 -0.6000 -0.4234 -0.3886 0.1599 177 0 77
-1.0000 0.4667 -0.4667 -0.4364 -0.2645 -0.0565 150 0 104
-1.0000 0.4667 -0.3333 -0.3979 -0.1459 -0.2355 140 0 114
-1.0000 0.4667 -0.2000 -0.3144 -0.0532 -0.2587 116 0 138
-1.0000 0.4667 -0.0667 -0.2005 -0.0024 -0.1106 56 0 198
-1.0000 0.4667 0.0667 -0.0757 -0.0024 0.1106 24 0 230
-1.0000 0.4667 0.2000 0.0383 -0.0532 0.2587 68 0 186
-1.0000 0.4667 0.3333 0.1217 -0.1459 0.2355 80 0 174
-1.0000 0.4667 0.4667 0.1603 -0.2645 0.0565 84 0 170
-1.0000 0.4667 0.6000 0.1472 -0.3886 -0.1599 127 0 127
-1.0000 0.4667 0.7333 0.0849 -0.4966 -0.2705 169 0 85
-1.0000 0.4667 0.8667 -0.0161 -0.5700 -0.2021 180 0 74
-1.0000 0.4667 1.0000 -0.1381 -0.5959 -0.0000 182 0 72
-1.0000 0.6000 -1.0000 -0.1540 -0.5567 0.0000 171 0 83
-1.0000 0.6000 -0.8667 -0.2760 -0.5307 0.1882 187 0 67
-1.0000 0.6000 -0.7333 -0.3769 -0.4574 0.2519 193 0 61
-1.0000 0.6000 -0.6000 -0.4393 -0.3494 0.1489 172 0 82
-1.0000 0.6000 -0.4667 -0.4524 -0.2253 -0.0527 148 0 106
-1.0000 0.6000 -0.3333 -0.4138 -0.1067 -0.2194 139 0 115
-1.0000 0.6000 -0.2000 -0.3303 -0.0140 -0.2409 115 0 139
-1.0000 0.6000 -0.0667 -0.2164 0.0368 -0.1030 60 0 194
-1.0000 0.6000 0.0667 -0.0916 0.0368 0.1030 27 0 227
-1.0000 0.6000 0.2000 0.0223 -0.0140 0.2409 60 0 194
-1.0000 0.6000 0.3333 0.1058 -0.1067 0.2194 68 0 186
-1.0000 0.6000 0.4667 0.1444 -0.2253 0.0527 70 0 184
-1.0000 0.6000 0.6000 0.1313 -0.3494 -0.1489 113 0 141
-1.0000 0.6000 0.7333 0.0689 -0.4574 -0.2519 154 0 100
-1.0000 0.6000 0.8667 -0.0320 -0.5307 -0.1882 167 0 87
-1.0000 0.6000 1.0000 -0.1540 -0.5567 -0.0000 171 0 83
-1.0000 0.7333 -1.0000 -0.1576 -0.5149 0.0000 158 0 96
-1.0000 0.7333 -0.8667 -0.2796 -0.4889 0.1722 175 0 79
-1.0000 0.7333 -0.7333 -0.3805 -0.4156 0.2305 181 0 73
-1.0000 0.7333 -0.6000 -0.4429 -0.3076 0.1362 164 0 90
-1.0000 0.7333 -0.4667 -0.4559 -0.1835 -0.0482 143 0 111
-1.0000 0.7333 -0.3333 -0.4174 -0.0649 -0.2007 135 0 119
-1.0000 0.7333 -0.2000 -0.3339 0.0278 -0.2204 113 0 141
-1.0000 0.7333 -0.0667 -0.2199 0.0786 -0.0943 63 0 191
-1.0000 0.7333 0.0667 -0.0952 0.0786 0.0943 31 0 223
-1.0000 0.7333 0.2000 0.0188 0.0278 0.2204 54 0 200
-1.0000 0.7333 0.3333 0.1022 -0.0649 0.2007 57 0 197
-1.0000 0.7333 0.4667 0.1408 -0.1835 0.0482 58 0 196
-1.0000 0.7333 0.6000 0.1278 -0.3076 -0.1362 99 0 155
-1.0000 0.7333 0.7333 0.0654 -0.4156 -0.2305 139 0 115
-1.0000 0.7333 0.8667 -0.0355 -0.4889 -0.1722 152 0 102
-1.0000 0.7333 1.0000 -0.1576 -0.5149 -0.0000 158 0 96
-1.0000 0.8667 -1.0000 -0.1504 -0.4736 0.0000 144 0 110
-1.0000 0.8667 -0.8667 -0.2725 -0.4476 0.1548 161 0 93
-1.0000 0.8667 -0.7333 -0.3734 -0.3743 0.2072 168 0 86
-1.0000 0.8667 -0.6000 -0.4358 -0.2663 0.1224 154 0 100
-1.0000 0.8667 -0.4667 -0.4488 -0.1422 -0.0433 136 0 118
-1.0000 0.8667 -0.3333 -0.4102 -0.0236 -0.1804 128 0 126
-1.0000 0.8667 -0.2000 -0.3268 0.0691 -0.1981 108 0 146
-1.0000 0.8667 -0.0667 -0.2128 0.1199 -0.0847 65 0 189
-1.0000 0.8667 0.0667 -0.0881 0.1199 0.0847 36 0 218
-1.0000 0.8667 0.2000 0.0259 0.0691 0.1981 50 0 204
-1.0000 0.8667 0.3333 0.1094 -0.0236 0.1804 50 0 204
-1.0000 0.8667 0.4667 0.1479 -0.1422 0.0433 49 0 205
-1.0000 0.8667 0.6000 0.1349 -0.2663 -0.1224 87 0 167
-1.0000 0.8667 0.7333 0.0725 -0.3743 -0.2072 124 0 130
-1.0000 0.8667 0.8667 -0.0284 -0.4476 -0.1548 137 0 117
-1.0000 0.8667 1.0000 -0.1504 -0.4736 -0.0000 144 0 110
-1.0000 1.0000 -1.0000 -0.1353 -0.4353 0.0000 131 0 123
-1.0000 1.0000 -0.8667 -0.2574 -0.4094 0.1367 146 0 108
-1.0000 1.0000 -0.7333 -0.3583 -0.3361 0.1829 153 0 101
-1.0000 1.0000 -0.6000 -0.4207 -0.2280 0.1081 142 0 112
-1.0000 1.0000 -0.4667 -0.4337 -0.1040 -0.0382 128 0 126
-1.0000 1.0000 -0.3333 -0.3951 0.0147 -0.1593 121 0 133
-1.0000 1.0000 -0.2000 -0.3117 0.1074 -0.1749 103 0 151
-1.0000 1.0000 -0.0667 -0.1977 0.1581 -0.0748 67 0 187
-1.0000 1.0000 0.0667 -0.0730 0.1581 0.0748 43 0 211
-1.0000 1.0000 0.2000 0.0410 0.1074 0.1749 49 0 205
-1.0000 1.0000 0.3333 0.1245 0.0147 0.1593 47 0 207
-1.0000 1.0000 0.4667 0.1630 -0.1040 0.0382 45 0 209
-1.0000 1.0000 0.6000 0.1500 -0.2280 -0.1081 77 0 177
-1.0000 1.0000 0.7333 0.0876 -0.3361 -0.1829 110 0 144
-1.0000 1.0000 0.8667 -0.0133 -0.4094 -0.1367 123 0 131
-1.0000 1.0000 1.0000 -0.1353 -0.4353 -0.0000 131 0 123
-0.8667 -1.0000 -1.0000 0.1736 -0.4504 0.0000 140 0 114
-0.8667 -1.0000 -0.8667 0.0516 -0.4245 0.1548 130 0 124
-0.8667 -1.0000 -0.7333 -0.0494 -0.3512 0.2072 116 0 138
-0.8667 -1.0000 -0.6000 -0.1117 -0.2431 0.1224 77 0 177
-0.8667 -1.0000 -0.4667 -0.1248 -0.1191 -0.0433 39 0 215
-0.8667 -1.0000 -0.3333 -0.0862 -0.0004 -0.1804 46 0 208
-0.8667 -1.0000 -0.2000 -0.0028 0.0923 -0.1981 52 0 202
-0.8667 -1.0000 -0.0667 0.1112 0.1430 -0.0847 46 0 208
-0.8667 -1.0000 0.0667 0.2360 0.1430 0.0847 75 0 179
-0.8667 -1.0000 0.2000 0.3499 0.0923 0.1981 116 0 138
-0.8667 -1.0000 0.3333 0.4334 -0.0004 0.1804 135 0 119
-0.8667 -1.0000 0.4667 0.4719 -0.1191 0.0433 142 0 112
-0.8667 -1.0000 0.6000 0.4589 -0.2431 -0.1224 157 0 97
-0.8667 -1.0000 0.7333 0.3965 -0.3512 -0.2072 168 0 86
-0.8667 -1.0000 0.8667 0.2956 -0.4245 -0.1548 159 0 95
-0.8667 -1.0000 1.0000 0.1736 -0.4504 -0.0000 140 0 114
-0.8667 -0.8667 -1.0000 0.1930 -0.4930 0.0000 155 0 99
-0.8667 -0.8667 -0.8667 0.0709 -0.4670 0.1753 147 0 107
-0.8667 -0.8667 -0.7333 -0.0300 -0.3937 0.2346 132 0 122
-0.8667 -0.8667 -0.6000 -0.0924 -0.2857 0.1387 89 0 165
-0.8667 -0.8667 -0.4667 -0.1054 -0.1616 -0.0491 46 0 208
-0.8667 -0.8667 -0.3333 -0.0669 -0.0430 -0.2043 52 0 202
-0.8667 -0.8667 -0.2000 0.0166 0.0498 -0.2244 56 0 198
-0.8667 -0.8667 -0.0667 0.1306 0.1005 -0.0960 43 0 211
-0.8667 -0.8667 0.0667 0.2553 0.1005 0.0960 76 0 178
-0.8667 -0.8667 0.2000 0.3693 0.0498 0.2244 124 0 130
-0.8667 -0.8667 0.3333 0.4528 -0.0430 0.2043 145 0 109
-0.8667 -0.8667 0.4667 0.4913 -0.1616 0.0491 152 0 102
-0.8667 -0.8667 0.6000 0.4783 -0.2857 -0.1387 170 0 84
-0.8667 -0.8667 0.7333 0.4159 -0.3937 -0.2346 185 0 69
-0.8667 -0.8667 0.8667 0.3150 -0.4670 -0.1753 175 0 79
-0.8667 -0.8667 1.0000 0.1930 -0.4930 -0.0000 155 0 99
-0.8667 -0.7333 -1.0000 0.2021 -0.5388 0.0000 170 0 84
-0.8667 -0.7333 -0.8667 0.0801 -0.5129 0.1951 163 0 91
-0.8667 -0.7333 -0.7333 -0.0209 -0.4396 0.2610 149 0 105
-0.8667 -0.7333 -0.6000 -0.0832 -0.3315 0.1543 104 0 150
-0.8667 -0.7333 -0.4667 -0.0963 -0.2075 -0.0546 58 0 196
-0.8667 -0.7333 -0.3333 -0.0577 -0.0888 -0.2273 63 0 191
-0.8667 -0.7333 -0.2000 0.0258 0.0039 -0.2496 63 0 191
-0.8667 -0.7333 -0.0667 0.1397 0.0546 -0.1068 41 0 213
-0.8667 -0.7333 0.0667 0.2645 0.0546 0.1068 76 0 178
-0.8667 -0.7333 0.2000 0.3784 0.0039 0.2496 130 0 124
-0.8667 -0.7333 0.3333 0.4619 -0.0888 0.2273 153 0 101
-0.8667 -0.7333 0.4667 0.5004 -0.2075 0.0546 160 0 94
-0.8667 -0.7333 0.6000 0.4874 -0.3315 -0.1543 182 0 72
-0.8667 -0.7333 0.7333 0.4250 -0.4396 -0.2610 200 0 54
-0.8667 -0.7333 0.8667 0.3241 -0.5129 -0.1951 191 0 63
-0.8667 -0.7333 1.0000 0.2021 -0.5388 -0.0000 170 0 84
-0.8667 -0.6000 -1.0000 0.1975 -0.5853 0.0000 184 0 70
-0.8667 -0.6000 -0.8667 0.0755 -0.5594 0.2132 180 0 74
-0.8667 -0.6000 -0.7333 -0.0254 -0.4860 0.2853 167 0 87
-0.8667 -0.6000 -0.6000 -0.0878 -0.3780 0.1686 120 0 134
-0.8667 -0.6000 -0.4667 -0.1008 -0.2539 -0.0596 72 0 182
-0.8667 -0.6000 -0.3333 -0.0623 -0.1353 -0.2484 76 0 178
-0.8667 -0.6000 -0.2000 0.0212 -0.0426 -0.2728 72 0 182
-0.8667 -0.6000 -0.0667 0.1351 0.0081 -0.1167 39 0 215
-0.8667 -0.6000 0.0667 0.2599 0.0081 0.1167 74 0 180
-0.8667 -0.6000 0.2000 0.3739 -0.0426 0.2728 134 0 120
-0.8667 -0.6000 0.3333 0.4573 -0.1353 0.2484 158 0 96
-0.8667 -0.6000 0.4667 0.4959 -0.2539 0.0596 165 0 89
-0.8667 -0.6000 0.6000 0.4828 -0.3780 -0.1686 190 0 64
-0.8667 -0.6000 0.7333 0.4205 -0.4860 -0.2853 213 0 41
-0.8667 -0.6000 0.8667 0.3195 -0.5594 -0.2132 205 0 49
-0.8667 -0.6000 1.0000 0.1975 -0.5853 -0.0000 184 0 70
-0.8667 -0.4667 -1.0000 0.1771 -0.6289 0.0000 196 0 58
-0.8667 -0.4667 -0.8667 0.0551 -0.6030 0.2289 194 0 60
-0.8667 -0.4667 -0.7333 -0.0458 -0.5296 0.3063 183 0 71
-0.8667 -0.4667 -0.6000 -0.1082 -0.4216 0.1810 136 0 118
-0.8667 -0.4667 -0.4667 -0.1213 -0.2975 -0.0640 88 0 166
-0.8667 -0.4667 -0.3333 -0.0827 -0.1789 -0.2668 90 0 164
-0.8667 -0.4667 -0.2000 0.0008 -0.0862 -0.2929 81 0 173
-0.8667 -0.4667 -0.0667 0.1147 -0.0355 -0.1253 37 0 217
-0.8667 -0.4667 0.0667 0.2395 -0.0355 0.1253 70 0 184
-0.8667 -0.4667 0.2000 0.3534 -0.0862 0.2929 134 0 120
-0.8667 -0.4667 0.3333 0.4369 -0.1789 0.2668 159 0 95
-0.8667 -0.4667 0.4667 0.4755 -0.2975 0.0640 167 0 87
-0.8667 -0.4667 0.6000 0.4624 -0.4216 -0.1810 196 0 58
-0.8667 -0.4667 0.7333 0.4000 -0.5296 -0.3063 222 0 32
-0.8667 -0.4667 0.8667 0.2991 -0.6030 -0.2289 215 0 39
-0.8667 -0.4667 1.0000 0.1771 -0.6289 -0.0000 196 0 58
-0.8667 -0.3333 -1.0000 0.1407 -0.6659 0.0000 205 0 49
-0.8667 -0.3333 -0.8667 0.0187 -0.6400 0.2414 206 0 48
-0.8667 -0.3333 -0.7333 -0.0822 -0.5667 0.3231 198 0 56
-0.8667 -0.3333 -0.6000 -0.1446 -0.4586 0.1910 151 0 103
-0.8667 -0.3333 -0.4667 -0.1576 -0.3346 -0.0675 104 0 150
-0.8667 -0.3333 -0.3333 -0.1191 -0.2159 -0.2814 104 0 150
-0.8667 -0.3333 -0.2000 -0.0356 -0.1232 -0.3090 91 0 163
-0.8667 -0.3333 -0.0667 0.0784 -0.0725 -0.1321 36 0 218
-0.8667 -0.3333 0.0667 0.2031 -0.0725 0.1321 64 0 190
-0.8667 -0.3333 0.2000 0.3171 -0.1232 0.3090 132 0 122
-0.8667 -0.3333 0.3333 0.4005 -0.2159 0.2814 157 0 97
-0.8667 -0.3333 0.4667 0.4391 -0.3346 0.0675 164 0 90
-0.8667 -0.3333 0.6000 0.4261 -0.4586 -0.1910 197 0 57
-0.8667 -0.3333 0.7333 0.3637 -0.5667 -0.3231 227 0 27
-0.8667 -0.3333 0.8667 0.2628 -0.6400 -0.2414 222 0 32
-0.8667 -0.3333 1.0000 0.1407 -0.6659 -0.0000 205 0 49
-0.8667 -0.2000 -1.0000 0.0907 -0.6929 0.0000 211 0 43
-0.8667 -0.2000 -0.8667 -0.0314 -0.6670 0.2502 216 0 38
-0.8667 -0.2000 -0.7333 -0.1323 -0.5936 0.3348 210 0 44
-0.8667 -0.2000 -0.6000 -0.1946 -0.4856 0.1979 165 0 89
-0.8667 -0.2000 -0.4667 -0.2077 -0.3615 -0.0700 120 0 134
-0.8667 -0.2000 -0.3333 -0.1691 -0.2429 -0.2915 117 0 137
-0.8667 -0.2000 -0.2000 -0.0857 -0.1502 -0.3202 100 0 154
-0.8667 -0.2000 -0.0667 0.0283 -0.0995 -0.1369 37 0 217
-0.8667 -0.2000 0.0667 0.1530 -0.0995 0.1369 55 0 199
-0.8667 -0.2000 0.2000 0.2670 -0.1502 0.3202 127 0 127
-0.8667 -0.2000 0.3333 0.3505 -0.2429 0.2915 151 0 103
-0.8667 -0.2000 0.4667 0.3890 -0.3615 0.0700 157 0 97
-0.8667 -0.2000 0.6000 0.3760 -0.4856 -0.1979 193 0 61
-0.8667 -0.2000 0.7333 0.3136 -0.5936 -0.3348 228 0 26
-0.8667 -0.2000 0.8667 0.2127 -0.6670 -0.2502 226 0 28
-0.8667 -0.2000 1.0000 0.0907 -0.6929 -0.0000 211 0 43
-0.8667 -0.0667 -1.0000 0.0313 -0.7071 0.0000 214 0 40
-0.8667 -0.0667 -0.8667 -0.0907 -0.6812 0.2547 223 0 31
-0.8667 -0.0667 -0.7333 -0.1916 -0.6079 0.3408 219 0 35
-0.8667 -0.0667 -0.6000 -0.2540 -0.4998 0.2014 177 0 77
-0.8667 -0.0667 -0.4667 -0.2670 -0.3758 -0.0712 134 0 120
-0.8667 -0.0667 -0.3333 -0.2285 -0.2571 -0.2968 130 0 124
-0.8667 -0.0667 -0.2000 -0.1450 -0.1644 -0.3259 110 0 144
-0.8667 -0.0667 -0.0667 -0.0311 -0.1137 -0.1394 40 0 214
-0.8667 -0.0667 0.0667 0.0937 -0.1137 0.1394 47 0 207
-0.8667 -0.0667 0.2000 0.2077 -0.1644 0.3259 119 0 135
-0.8667 -0.0667 0.3333 0.2911 -0.2571 0.2968 142 0 112
-0.8667 -0.0667 0.4667 0.3297 -0.3758 0.0712 147 0 107
-0.8667 -0.0667 0.6000 0.3166 -0.4998 -0.2014 187 0 67
-0.8667 -0.0667 0.7333 0.2543 -0.6079 -0.3408 225 0 29
-0.8667 -0.0667 0.8667 0.1533 -0.6812 -0.2547 226 0 28
-0.8667 -0.0667 1.0000 0.0313 -0.7071 -0.0000 214 0 40
-0.8667 0.0667 -1.0000 -0.0313 -0.7071 0.0000 214 0 40
-0.8667 0.0667 -0.8667 -0.1533 -0.6812 0.2547 226 0 28
-0.8667 0.0667 -0.7333 -0.2543 -0.6079 0.3408 225 0 29
-0.8667 0.0667 -0.6000 -0.3166 -0.4998 0.2014 187 0 67
-0.8667 0.0667 -0.4667 -0.3297 -0.3758 -0.0712 147 0 107
-0.8667 0.0667 -0.3333 -0.2911 -0.2571 -0.2968 142 0 112
-0.8667 0.0667 -0.2000 -0.2077 -0.1644 -0.3259 119 0 135
-0.8667 0.0667 -0.0667 -0.0937 -0.1137 -0.1394 47 0 207
-0.8667 0.0667 0.0667 0.0311 -0.1137 0.1394 40 0 214
-0.8667 0.0667 0.2000 0.1450 -0.1644 0.3259 110 0 144
-0.8667 0.0667 0.3333 0.2285 -0.2571 0.2968 130 0 124
-0.8667 0.0667 0.4667 0.2670 -0.3758 0.0712 134 0 120
-0.8667 0.0667 0.6000 0.2540 -0.4998 -0.2014 177 0 77
-0.8667 0.0667 0.7333 0.1916 -0.6079 -0.3408 219 0 35
-0.8667 0.0667 0.8667 0.0907 -0.6812 -0.2547 223 0 31
-0.8667 0.0667 1.0000 -0.0313 -0.7071 -0.0000 214 0 40
-0.8667 0.2000 -1.0000 -0.0907 -0.6929 0.0000 211 0 43
-0.8667 0.2000 -0.8667 -0.2127 -0.6670 0.2502 226 0 28
-0.8667 0.2000 -0.7333 -0.3136 -0.5936 0.3348 228 0 26
-0.8667 0.2000 -0.6000 -0.3760 -0.4856 0.1979 193 0 61
-0.8667 0.2000 -0.4667 -0.3890 -0.3615 -0.0700 157 0 97
-0.8667 0.2000 -0.3333 -0.3505 -0.2429 -0.2915 151 0 103
-0.8667 0.2000 -0.2000 -0.2670 -0.1502 -0.3202 127 0 127
-0.8667 0.2000 -0.0667 -0.1530 -0.0995 -0.1369 55 0 199
-0.8667 0.2000 0.0667 -0.0283 -0.0995 0.1369 37 0 217
-0.8667 0.2000 0.2000 0.0857 -0.1502 0.3202 100 0 154
-0.8667 0.2000 0.3333 0.1691 -0.2429 0.2915 117 0 137
-0.8667 0.2000 0.4667 0.2077 -0.3615 0.0700 120 0 134
-0.8667 0.2000 0.6000 0.1946 -0.4856 -0.1979 165 0 89
-0.8667 0.2000 0.7333 0.1323 -0.5936 -0.3348 210 0 44
-0.8667 0.2000 0.8667 0.0314 -0.6670 -0.2502 216 0 38
-0.8667 0.2000 1.0000 -0.0907 -0.6929 -0.0000 211 0 43
-0.8667 0.3333 -1.0000 -0.1407 -0.6659 0.0000 205 0 49
-0.8667 0.3333 -0.8667 -0.2628 -0.6400 0.2414 222 0 32
-0.8667 0.3333 -0.7333 -0.3637 -0.5667 0.3231 227 0 27
-0.8667 0.3333 -0.6000 -0.4261 -0.4586 0.1910 197 0 57
-0.8667 0.3333 -0.4667 -0.4391 -0.3346 -0.0675 164 0 90
-0.8667 0.3333 -0.3333 -0.4005 -0.2159 -0.2814 157 0 97
-0.8667 0.3333 -0.2000 -0.3171 -0.1232 -0.3090 132 0 122
-0.8667 0.3333 -0.0667 -0.2031 -0.0725 -0.1321 64 0 190
-0.8667 0.3333 0.0667 -0.0784 -0.0725 0.1321 36 0 218
-0.8667 0.3333 0.2000 0.0356 -0.1232 0.3090 91 0 163
-0.8667 0.3333 0.3333 0.1191 -0.2159 0.2814 104 0 150
-0.8667 0.3333 0.4667 0.1576 -0.3346 0.0675 104 0 150
-0.8667 0.3333 0.6000 0.1446 -0.4586 -0.1910 151 0 103
-0.8667 0.3333 0.7333 0.0822 -0.5667 -0.3231 198 0 56
-0.8667 0.3333 0.8667 -0.0187 -0.6400 -0.2414 206 0 48
-0.8667 0.3333 1.0000 -0.1407 -0.6659 -0.0000 205 0 49
-0.8667 0.4667 -1.0000 -0.1771 -0.6289 0.0000 196 0 58
-0.8667 0.4667 -0.8667 -0.2991 -0.6030 0.2289 215 0 39
-0.8667 0.4667 -0.7333 -0.4000 -0.5296 0.3063 222 0 32
-0.8667 0.4667 -0.6000 -0.4624 -0.4216 0.1810 196 0 58
-0.8667 0.4667 -0.4667 -0.4755 -0.2975 -0.0640 167 0 87
-0.8667 0.4667 -0.3333 -0.4369 -0.1789 -0.2668 159 0 95
-0.8667 0.4667 -0.2000 -0.3534 -0.0862 -0.2929 134 0 120
-0.8667 0.4667 -0.0667 -0.2395 -0.0355 -0.1253 70 0 184
-0.8667 0.4667 0.0667 -0.1147 -0.0355 0.1253 37 0 217
-0.8667 0.4667 0.2000 -0.0008 -0.0862 0.2929 81 0 173
-0.8667 0.4667 0.3333 0.0827 -0.1789 0.2668 90 0 164
-0.8667 0.4667 0.4667 0.1213 -0.2975 0.0640 88 0 166
-0.8667 0.4667 0.6000 0.1082 -0.4216 -0.1810 136 0 118
-0.8667 0.4667 0.7333 0.0458 -0.5296 -0.3063 183 0 71
-0.8667 0.4667 0.8667 -0.0551 -0.6030 -0.2289 194 0 60
-0.8667 0.4667 1.0000 -0.1771 -0.6289 -0.0000 196 0 58
-0.8667 0.6000 -1.0000 -0.1975 -0.5853 0.0000 184 0 70
-0.8667 0.6000 -0.8667 -0.3195 -0.5594 0.2132 205 0 49
-0.8667 0.6000 -0.7333 -0.4205 -0.4860 0.2853 213 0 41
-0.8667 0.6000 -0.6000 -0.4828 -0.3780 0.1686 190 0 64
-0.8667 0.6000 -0.4667 -0.4959 -0.2539 -0.0596 165 0 89
-0.8667 0.6000 -0.3333 -0.4573 -0.1353 -0.2484 158 0 96
-0.8667 0.6000 -0.2000 -0.3739 -0.0426 -0.2728 134 0 120
-0.8667 0.6000 -0.0667 -0.2599 0.0081 -0.1167 74 0 180
-0.8667 0.6000 0.0667 -0.1351 0.0081 0.1167 39 0 215
-0.8667 0.6000 0.2000 -0.0212 -0.0426 0.2728 72 0 182
-0.8667 0.6000 0.3333 0.0623 -0.1353 0.2484 76 0 178
-0.8667 0.6000 0.4667 0.1008 -0.2539 0.0596 72 0 182
-0.8667 0.6000 0.6000 0.0878 -0.3780 -0.1686 120 0 134
-0.8667 0.6000 0.7333 0.0254 -0.4860 -0.2853 167 0 87
-0.8667 0.6000 0.8667 -0.0755 -0.5594 -0.2132 180 0 74
-0.8667 0.6000 1.0000 -0.1975 -0.5853 -0.0000 184 0 70
-0.8667 0.7333 -1.0000 -0.2021 -0.5388 0.0000 170 0 84
-0.8667 0.7333 -0.8667 -0.3241 -0.5129 0.1951 191 0 63
-0.8667 0.7333 -0.7333 -0.4250 -0.4396 0.2610 200 0 54
-0.8667 0.7333 -0.6000 -0.4874 -0.3315 0.1543 182 0 72
-0.8667 0.7333 -0.4667 -0.5004 -0.2075 -0.0546 160 0 94
-0.8667 0.7333 -0.3333 -0.4619 -0.0888 -0.2273 153 0 101
-0.8667 0.7333 -0.2000 -0.3784 0.0039 -0.2496 130 0 124
-0.8667 0.7333 -0.0667 -0.2645 0.0546 -0.1068 76 0 178
-0.8667 0.7333 0.0667 -0.1397 0.0546 0.1068 41 0 213
-0.8667 0.7333 0.2000 -0.0258 0.0039 0.2496 63 0 191
-0.8667 0.7333 0.3333 0.0577 -0.0888 0.2273 63 0 191
-0.8667 0.7333 0.4667 0.0963 -0.2075 0.0546 58 0 196
-0.8667 0.7333 0.6000 0.0832 -0.3315 -0.1543 104 0 150
-0.8667 0.7333 0.7333 0.0209 -0.4396 -0.2610 149 0 105
-0.8667 0.7333 0.8667 -0.0801 -0.5129 -0.1951 163 0 91
-0.8667 0.7333 1.0000 -0.2021 -0.5388 -0.0000 170 0 84
-0.8667 0.8667 -1.0000 -0.1930 -0.4930 0.0000 155 0 99
-0.8667 0.8667 -0.8667 -0.3150 -0.4670 0.1753 175 0 79
-0.8667 0.8667 -0.7333 -0.4159 -0.3937 0.2346 185 0 69
-0.8667 0.8667 -0.6000 -0.4783 -0.2857 0.1387 170 0 84
-0.8667 0.8667 -0.4667 -0.4913 -0.1616 -0.0491 152 0 102
-0.8667 0.8667 -0.3333 -0.4528 -0.0430 -0.2043 145 0 109
-0.8667 0.8667 -0.2000 -0.3693 0.0498 -0.2244 124 0 130
-0.8667 0.8667 -0.0667 -0.2553 0.1005 -0.0960 76 0 178
-0.8667 0.8667 0.0667 -0.1306 0.1005 0.0960 43 0 211
-0.8667 0.8667 0.2000 -0.0166 0.0498 0.2244 56 0 198
-0.8667 0.8667 0.3333 0.0669 -0.0430 0.2043 52 0 202
-0.8667 0.8667 0.4667 0.1054 -0.1616 0.0491 46 0 208
-0.8667 0.8667 0.6000 0.0924 -0.2857 -0.1387 89 0 165
-0.8667 0.8667 0.7333 0.0300 -0.3937 -0.2346 132 0 122
-0.8667 0.8667 0.8667 -0.0709 -0.4670 -0.1753 147 0 107
-0.8667 0.8667 1.0000 -0.1930 -0.4930 -0.0000 155 0 99
-0.8667 1.0000 -1.0000 -0.1736 -0.4504 0.0000 140 0 114
-0.8667 1.0000 -0.8667 -0.2956 -0.4245 0.1548 159 0 95
-0.8667 1.0000 -0.7333 -0.3965 -0.3512 0.2072 168 0 86
-0.8667 1.0000 -0.6000 -0.4589 -0.2431 0.1224 157 0 97
-0.8667 1.0000 -0.4667 -0.4719 -0.1191 -0.0433 142 0 112
-0.8667 1.0000 -0.3333 -0.4334 -0.0004 -0.1804 135 0 119
-0.8667 1.0000 -0.2000 -0.3499 0.0923 -0.1981 116 0 138
-0.8667 1.0000 -0.0667 -0.2360 0.1430 -0.0847 75 0 179
-0.8667 1.0000 0.0667 -0.1112 0.1430 0.0847 46 0 208
-0.8667 1.0000 0.2000 0.0028 0.0923 0.1981 52 0 202
-0.8667 1.0000 0.3333 0.0862 -0.0004 0.1804 46 0 208
-0.8667 1.0000 0.4667 0.1248 -0.1191 0.0433 39 0 215
-0.8667 1.0000 0.6000 0.1117 -0.2431 -0.1224 77 0 177
-0.8667 1.0000 0.7333 0.0494 -0.3512 -0.2072 116 0 138
-0.8667 1.0000 0.8667 -0.0516 -0.4245 -0.1548 130 0 124
-0.8667 1.0000 1.0000 -0.1736 -0.4504 -0.0000 140 0 114
-0.7333 -1.0000 -1.0000 0.2149 -0.4576 0.0000 147 0 107
-0.7333 -1.0000 -0.8667 0.0928 -0.4316 0.1722 137 0 117
-0.7333 -1.0000 -0.7333 -0.0081 -0.3583 0.2305 121 0 133
-0.7333 -1.0000 -0.6000 -0.0705 -0.2503 0.1362 77 0 177
-0.7333 -1.0000 -0.4667 -0.0835 -0.1262 -0.0482 32 0 222
-0.7333 -1.0000 -0.3333 -0.0449 -0.0076 -0.2007 48 0 206
-0.7333 -1.0000 -0.2000 0.0385 0.0851 -0.2204 59 0 195
-0.7333 -1.0000 -0.0667 0.1525 0.1359 -0.0943 54 0 200
-0.7333 -1.0000 0.0667 0.2772 0.1359 0.0943 87 0 167
-0.7333 -1.0000 0.2000 0.3912 0.0851 0.2204 131 0 123
-0.7333 -1.0000 0.3333 0.4747 -0.0076 0.2007 150 0 104
-0.7333 -1.0000 0.4667 0.5132 -0.1262 0.0482 156 0 98
-0.7333 -1.0000 0.6000 0.5002 -0.2503 -0.1362 170 0 84
-0.7333 -1.0000 0.7333 0.4378 -0.3583 -0.2305 182 0 72
-0.7333 -1.0000 0.8667 0.3369 -0.4316 -0.1722 170 0 84
-0.7333 -1.0000 1.0000 0.2149 -0.4576 -0.0000 147 0 107
-0.7333 -0.8667 -1.0000 0.2388 -0.5021 0.0000 164 0 90
-0.7333 -0.8667 -0.8667 0.1168 -0.4762 0.1951 155 0 99
-0.7333 -0.8667 -0.7333 0.0159 -0.4028 0.2610 139 0 115
-0.7333 -0.8667 -0.6000 -0.0465 -0.2948 0.1543 91 0 163
-0.7333 -0.8667 -0.4667 -0.0595 -0.1707 -0.0546 42 0 212
-0.7333 -0.8667 -0.3333 -0.0210 -0.0521 -0.2273 57 0 197
-0.7333 -0.8667 -0.2000 0.0625 0.0406 -0.2496 66 0 188
-0.7333 -0.8667 -0.0667 0.1765 0.0914 -0.1068 55 0 199
-0.7333 -0.8667 0.0667 0.3012 0.0914 0.1068 90 0 164
-0.7333 -0.8667 0.2000 0.4152 0.0406 0.2496 141 0 113
-0.7333 -0.8667 0.3333 0.4986 -0.0521 0.2273 162 0 92
-0.7333 -0.8667 0.4667 0.5372 -0.1707 0.0546 167 0 87
-0.7333 -0.8667 0.6000 0.5242 -0.2948 -0.1543 185 0 69
-0.7333 -0.8667 0.7333 0.4618 -0.4028 -0.2610 200 0 54
-0.7333 -0.8667 0.8667 0.3609 -0.4762 -0.1951 188 0 66
-0.7333 -0.8667 1.0000 0.2388 -0.5021 -0.0000 164 0 90
-0.7333 -0.7333 -1.0000 0.2501 -0.5501 0.0000 180 0 74
-0.7333 -0.7333 -0.8667 0.1281 -0.5242 0.2170 172 0 82
-0.7333 -0.7333 -0.7333 0.0272 -0.4509 0.2904 158 0 96
-0.7333 -0.7333 -0.6000 -0.0352 -0.3429 0.1716 107 0 147
-0.7333 -0.7333 -0.4667 -0.0482 -0.2188 -0.0607 57 0 197
-0.7333 -0.7333 -0.3333 -0.0097 -0.1001 -0.2529 70 0 184
-0.7333 -0.7333 -0.2000 0.0738 -0.0074 -0.2777 75 0 179
-0.7333 -0.7333 -0.0667 0.1878 0.0433 -0.1188 55 0 199
-0.7333 -0.7333 0.0667 0.3125 0.0433 0.1188 91 0 163
-0.7333 -0.7333 0.2000 0.4265 -0.0074 0.2777 148 0 106
-0.7333 -0.7333 0.3333 0.5100 -0.1001 0.2529 171 0 83
-0.7333 -0.7333 0.4667 0.5485 -0.2188 0.0607 176 0 78
-0.7333 -0.7333 0.6000 0.5355 -0.3429 -0.1716 198 0 56
-0.7333 -0.7333 0.7333 0.4731 -0.4509 -0.2904 217 0 37
-0.7333 -0.7333 0.8667 0.3722 -0.5242 -0.2170 205 0 49
-0.7333 -0.7333 1.0000 0.2501 -0.5501 -0.0000 180 0 74
-0.7333 -0.6000 -1.0000 0.2445 -0.5988 0.0000 194 0 60
-0.7333 -0.6000 -0.8667 0.1225 -0.5729 0.2372 189 0 65
-0.7333 -0.6000 -0.7333 0.0215 -0.4996 0.3174 176 0 78
-0.7333 -0.6000 -0.6000 -0.0408 -0.3915 0.1876 124 0 130
-0.7333 -0.6000 -0.4667 -0.0539 -0.2675 -0.0664 73 0 181
-0.7333 -0.6000 -0.3333 -0.0153 -0.1488 -0.2764 84 0 170
-0.7333 -0.6000 -0.2000 0.0681 -0.0561 -0.3035 84 0 170
-0.7333 -0.6000 -0.0667 0.1821 -0.0054 -0.1298 54 0 200
-0.7333 -0.6000 0.0667 0.3069 -0.0054 0.1298 90 0 164
-0.7333 -0.6000 0.2000 0.4208 -0.0561 0.3035 153 0 101
-0.7333 -0.6000 0.3333 0.5043 -0.1488 0.2764 177 0 77
-0.7333 -0.6000 0.4667 0.5428 -0.2675 0.0664 181 0 73
-0.7333 -0.6000 0.6000 0.5298 -0.3915 -0.1876 207 0 47
-0.7333 -0.6000 0.7333 0.4674 -0.4996 -0.3174 230 0 24
-0.7333 -0.6000 0.8667 0.3665 -0.5729 -0.2372 218 0 36
-0.7333 -0.6000 1.0000 0.2445 -0.5988 -0.0000 194 0 60
-0.7333 -0.4667 -1.0000 0.2192 -0.6445 0.0000 205 0 49
-0.7333 -0.4667 -0.8667 0.0972 -0.6185 0.2547 204 0 50
-0.7333 -0.4667 -0.7333 -0.0037 -0.5452 0.3408 193 0 61
-0.7333 -0.4667 -0.6000 -0.0661 -0.4372 0.2014 141 0 113
-0.7333 -0.4667 -0.4667 -0.0791 -0.3131 -0.0712 89 0 165
-0.7333 -0.4667 -0.3333 -0.0406 -0.1945 -0.2968 98 0 156
-0.7333 -0.4667 -0.2000 0.0429 -0.1018 -0.3259 94 0 160
-0.7333 -0.4667 -0.0667 0.1568 -0.0510 -0.1394 51 0 203
-0.7333 -0.4667 0.0667 0.2816 -0.0510 0.1394 85 0 169
-0.7333 -0.4667 0.2000 0.3956 -0.1018 0.3259 153 0 101
-0.7333 -0.4667 0.3333 0.4790 -0.1945 0.2968 177 0 77
-0.7333 -0.4667 0.4667 0.5176 -0.3131 0.0712 182 0 72
-0.7333 -0.4667 0.6000 0.5045 -0.4372 -0.2014 211 0 43
-0.7333 -0.4667 0.7333 0.4422 -0.5452 -0.3408 238 0 16
-0.7333 -0.4667 0.8667 0.3412 -0.6185 -0.2547 228 0 26
-0.7333 -0.4667 1.0000 0.2192 -0.6445 -0.0000 205 0 49
-0.7333 -0.3333 -1.0000 0.1742 -0.6833 0.0000 213 0 41
-0.7333 -0.3333 -0.8667 0.0522 -0.6573 0.2686 216 0 38
-0.7333 -0.3333 -0.7333 -0.0487 -0.5840 0.3595 207 0 47
-0.7333 -0.3333 -0.6000 -0.1111 -0.4760 0.2125 156 0 98
-0.7333 -0.3333 -0.4667 -0.1241 -0.3519 -0.0752 106 0 148
-0.7333 -0.3333 -0.3333 -0.0856 -0.2333 -0.3130 112 0 142
-0.7333 -0.3333 -0.2000 -0.0021 -0.1406 -0.3438 103 0 151
-0.7333 -0.3333 -0.0667 0.1118 -0.0898 -0.1470 48 0 206
-0.7333 -0.3333 0.0667 0.2366 -0.0898 0.1470 77 0 177
-0.7333 -0.3333 0.2000 0.3505 -0.1406 0.3438 149 0 105
-0.7333 -0.3333 0.3333 0.4340 -0.2333 0.3130 173 0 81
-0.7333 -0.3333 0.4667 0.4726 -0.3519 0.0752 177 0 77
-0.7333 -0.3333 0.6000 0.4595 -0.4760 -0.2125 210 0 44
-0.7333 -0.3333 0.7333 0.3972 -0.5840 -0.3595 242 0 12
-0.7333 -0.3333 0.8667 0.2962 -0.6573 -0.2686 235 0 19
-0.7333 -0.3333 1.0000 0.1742 -0.6833 -0.0000 213 0 41
-0.7333 -0.2000 -1.0000 0.1122 -0.7115 0.0000 218 0 36
-0.7333 -0.2000 -0.8667 -0.0098 -0.6856 0.2783 225 0 29
-0.7333 -0.2000 -0.7333 -0.1107 -0.6122 0.3725 220 0 34
-0.7333 -0.2000 -0.6000 -0.1731 -0.5042 0.2202 171 0 83
-0.7333 -0.2000 -0.4667 -0.1861 -0.3801 -0.0779 122 0 132
-0.7333 -0.2000 -0.3333 -0.1476 -0.2615 -0.3244 126 0 128
-0.7333 -0.2000 -0.2000 -0.0641 -0.1688 -0.3562 112 0 142
-0.7333 -0.2000 -0.0667 0.0499 -0.1181 -0.1523 46 0 208
-0.7333 -0.2000 0.0667 0.1746 -0.1181 0.1523 66 0 188
-0.7333 -0.2000 0.2000 0.2886 -0.1688 0.3562 142 0 112
-0.7333 -0.2000 0.3333 0.3720 -0.2615 0.3244 165 0 89
-0.7333 -0.2000 0.4667 0.4106 -0.3801 0.0779 167 0 87
-0.7333 -0.2000 0.6000 0.3975 -0.5042 -0.2202 205 0 49
-0.7333 -0.2000 0.7333 0.3352 -0.6122 -0.3725 242 0 12
-0.7333 -0.2000 0.8667 0.2342 -0.6856 -0.2783 237 0 17
-0.7333 -0.2000 1.0000 0.1122 -0.7115 -0.0000 218 0 36
-0.7333 -0.0667 -1.0000 0.0388 -0.7264 0.0000 221 0 33
-0.7333 -0.0667 -0.8667 -0.0833 -0.7005 0.2833 232 0 22
-0.7333 -0.0667 -0.7333 -0.1842 -0.6271 0.3792 230 0 24
-0.7333 -0.0667 -0.6000 -0.2466 -0.5191 0.2241 184 0 70
-0.7333 -0.0667 -0.4667 -0.2596 -0.3950 -0.0793 139 0 115
-0.7333 -0.0667 -0.3333 -0.2210 -0.2764 -0.3302 140 0 114
-0.7333 -0.0667 -0.2000 -0.1376 -0.1837 -0.3626 122 0 132
-0.7333 -0.0667 -0.0667 -0.0236 -0.1330 -0.1551 48 0 206
-0.7333 -0.0667 0.0667 0.1011 -0.1330 0.1551 55 0 199
-0.7333 -0.0667 0.2000 0.2151 -0.1837 0.3626 132 0 122
-0.7333 -0.0667 0.3333 0.2986 -0.2764 0.3302 153 0 101
-0.7333 -0.0667 0.4667 0.3371 -0.3950 0.0793 154 0 100
-0.7333 -0.0667 0.6000 0.3241 -0.5191 -0.2241 196 0 58
-0.7333 -0.0667 0.7333 0.2617 -0.6271 -0.3792 238 0 16
-0.7333 -0.0667 0.8667 0.1608 -0.7005 -0.2833 236 0 18
-0.7333 -0.0667 1.0000 0.0388 -0.7264 -0.0000 221 0 33
-0.7333 0.0667 -1.0000 -0.0388 -0.7264 0.0000 221 0 33
-0.7333 0.0667 -0.8667 -0.1608 -0.7005 0.2833 236 0 18
-0.7333 0.0667 -0.7333 -0.2617 -0.6271 0.3792 238 0 16
-0.7333 0.0667 -0.6000 -0.3241 -0.5191 0.2241 196 0 58
-0.7333 0.0667 -0.4667 -0.3371 -0.3950 -0.0793 154 0 100
-0.7333 0.0667 -0.3333 -0.2986 -0.2764 -0.3302 153 0 101
-0.7333 0.0667 -0.2000 -0.2151 -0.1837 -0.3626 132 0 122
-0.7333 0.0667 -0.0667 -0.1011 -0.1330 -0.1551 55 0 199
-0.7333 0.0667 0.0667 0.0236 -0.1330 0.1551 48 0 206
-0.7333 0.0667 0.2000 0.1376 -0.1837 0.3626 122 0 132
-0.7333 0.0667 0.3333 0.2210 -0.2764 0.3302 140 0 114
-0.7333 0.0667 0.4667 0.2596 -0.3950 0.0793 139 0 115
-0.7333 0.0667 0.6000 0.2466 -0.5191 -0.2241 184 0 70
-0.7333 0.0667 0.7333 0.1842 -0.6271 -0.3792 230 0 24
-0.7333 0.0667 0.8667 0.0833 -0.7005 -0.2833 232 0 22
-0.7333 0.0667 1.0000 -0.0388 -0.7264 -0.0000 221 0 33
-0.7333 0.2000 -1.0000 -0.1122 -0.7115 0.0000 218 0 36
-0.7333 0.2000 -0.8667 -0.2342 -0.6856 0.2783 237 0 17
-0.7333 0.2000 -0.7333 -0.3352 -0.6122 0.3725 242 0 12
-0.7333 0.2000 -0.6000 -0.3975 -0.5042 0.2202 205 0 49
-0.7333 0.2000 -0.4667 -0.4106 -0.3801 -0.0779 167 0 87
-0.7333 0.2000 -0.3333 -0.3720 -0.2615 -0.3244 165 0 89
-0.7333 0.2000 -0.2000 -0.2886 -0.1688 -0.3562 142 0 112
-0.7333 0.2000 -0.0667 -0.1746 -0.1181 -0.1523 66 0 188
-0.7333 0.2000 0.0667 -0.0499 -0.1181 0.1523 46 0 208
-0.7333 0.2000 0.2000 0.0641 -0.1688 0.3562 112 0 142
-0.7333 0.2000 0.3333 0.1476 -0.2615 0.3244 126 0 128
-0.7333 0.2000 0.4667 0.1861 -0.3801 0.0779 122 0 132
-0.7333 0.2000 0.6000 0.1731 -0.5042 -0.2202 171 0 83
-0.7333 0.2000 0.7333 0.1107 -0.6122 -0.3725 220 0 34
-0.7333 0.2000 0.8667 0.0098 -0.6856 -0.2783 225 0 29
-0.7333 0.2000 1.0000 -0.1122 -0.7115 -0.0000 218 0 36
-0.7333 0.3333 -1.0000 -0.1742 -0.6833 0.0000 213 0 41
-0.7333 0.3333 -0.8667 -0.2962 -0.6573 0.2686 235 0 19
-0.7333 0.3333 -0.7333 -0.3972 -0.5840 0.3595 242 0 12
-0.7333 0.3333 -0.6000 -0.4595 -0.4760 0.2125 210 0 44
-0.7333 0.3333 -0.4667 -0.4726 -0.3519 -0.0752 177 0 77
-0.7333 0.3333 -0.3333 -0.4340 -0.2333 -0.3130 173 0 81
-0.7333 0.3333 -0.2000 -0.3505 -0.1406 -0.3438 149 0 105
-0.7333 0.3333 -0.0667 -0.2366 -0.0898 -0.1470 77 0 177
-0.7333 0.3333 0.0667 -0.1118 -0.0898 0.1470 48 0 206
-0.7333 0.3333 0.2000 0.0021 -0.1406 0.3438 103 0 151
-0.7333 0.3333 0.3333 0.0856 -0.2333 0.3130 112 0 142
-0.7333 0.3333 0.4667 0.1241 -0.3519 0.0752 106 0 148
-0.7333 0.3333 0.6000 0.1111 -0.4760 -0.2125 156 0 98
-0.7333 0.3333 0.7333 0.0487 -0.5840 -0.3595 207 0 47
-0.7333 0.3333 0.8667 -0.0522 -0.6573 -0.2686 216 0 38
-0.7333 0.3333 1.0000 -0.1742 -0.6833 -0.0000 213 0 41
-0.7333 0.4667 -1.0000 -0.2192 -0.6445 0.0000 205 0 49
-0.7333 0.4667 -0.8667 -0.3412 -0.6185 0.2547 228 0 26
-0.7333 0.4667 -0.7333 -0.4422 -0.5452 0.3408 238 0 16
-0.7333 0.4667 -0.6000 -0.5045 -0.4372 0.2014 211 0 43
-0.7333 0.4667 -0.4667 -0.5176 -0.3131 -0.0712 182 0 72
-0.7333 0.4667 -0.3333 -0.4790 -0.1945 -0.2968 177 0 77
-0.7333 0.4667 -0.2000 -0.3956 -0.1018 -0.3259 153 0 101
-0.7333 0.4667 -0.0667 -0.2816 -0.0510 -0.1394 85 0 169
-0.7333 0.4667 0.0667 -0.1568 -0.0510 0.1394 51 0 203
-0.7333 0.4667 0.2000 -0.0429 -0.1018 0.3259 94 0 160
-0.7333 0.4667 0.3333 0.0406 -0.1945 0.2968 98 0 156
-0.7333 0.4667 0.4667 0.0791 -0.3131 0.0712 89 0 165
-0.7333 0.4667 0.6000 0.0661 -0.4372 -0.2014 141 0 113
-0.7333 0.4667 0.7333 0.0037 -0.5452 -0.3408 193 0 61
-0.7333 0.4667 0.8667 -0.0972 -0.6185 -0.2547 204 0 50
-0.7333 0.4667 1.0000 -0.2192 -0.6445 -0.0000 205 0 49
-0.7333 0.6000 -1.0000 -0.2445 -0.5988 0.0000 194 0 60
-0.7333 0.6000 -0.8667 -0.3665 -0.5729 0.2372 218 0 36
-0.7333 0.6000 -0.7333 -0.4674 -0.4996 0.3174 230 0 24
-0.7333 0.6000 -0.6000 -0.5298 -0.3915 0.1876 207 0 47
-0.7333 0.6000 -0.4667 -0.5428 -0.2675 -0.0664 181 0 73
-0.7333 0.6000 -0.3333 -0.5043 -0.1488 -0.2764 177 0 77
-0.7333 0.6000 -0.2000 -0.4208 -0.0561 -0.3035 153 0 101
-0.7333 0.6000 -0.0667 -0.3069 -0.0054 -0.1298 90 0 164
-0.7333 0.6000 0.0667 -0.1821 -0.0054 0.1298 54 0 200
-0.7333 0.6000 0.2000 -0.0681 -0.0561 0.3035 84 0 170
-0.7333 0.6000 0.3333 0.0153 -0.1488 0.2764 84 0 170
-0.7333 0.6000 0.4667 0.0539 -0.2675 0.0664 73 0 181
-0.7333 0.6000 0.6000 0.0408 -0.3915 -0.1876 124 0 130
-0.7333 0.6000 0.7333 -0.0215 -0.4996 -0.3174 176 0 78
-0.7333 0.6000 0.8667 -0.1225 -0.5729 -0.2372 189 0 65
-0.7333 0.6000 1.0000 -0.2445 -0.5988 -0.0000 194 0 60
-0.7333 0.7333 -1.0000 -0.2501 -0.5501 0.0000 180 0 74
-0.7333 0.7333 -0.8667 -0.3722 -0.5242 0.2170 205 0 49
-0.7333 0.7333 -0.7333 -0.4731 -0.4509 0.2904 217 0 37
-0.7333 0.7333 -0.6000 -0.5355 -0.3429 0.1716 198 0 56
-0.7333 0.7333 -0.4667 -0.5485 -0.2188 -0.0607 176 0 78
-0.7333 0.7333 -0.3333 -0.5100 -0.1001 -0.2529 171 0 83
-0.7333 0.7333 -0.2000 -0.4265 -0.0074 -0.2777 148 0 106
-0.7333 0.7333 -0.0667 -0.3125 0.0433 -0.1188 91 0 163
-0.7333 0.7333 0.0667 -0.1878 0.0433 0.1188 55 0 199
-0.7333 0.7333 0.2000 -0.0738 -0.0074 0.2777 75 0 179
-0.7333 0.7333 0.3333 0.0097 -0.1001 0.2529 70 0 184
-0.7333 0.7333 0.4667 0.0482 -0.2188 0.0607 57 0 197
-0.7333 0.7333 0.6000 0.0352 -0.3429 -0.1716 107 0 147
-0.7333 0.7333 0.7333 -0.0272 -0.4509 -0.2904 158 0 96
-0.7333 0.7333 0.8667 -0.1281 -0.5242 -0.2170 172 0 82
-0.7333 0.7333 1.0000 -0.2501 -0.5501 -0.0000 180 0 74
-0.7333 0.8667 -1.0000 -0.2388 -0.5021 0.0000 164 0 90
-0.7333 0.8667 -0.8667 -0.3609 -0.4762 0.1951 188 0 66
-0.7333 0.8667 -0.7333 -0.4618 -0.4028 0.2610 200 0 54
-0.7333 0.8667 -0.6000 -0.5242 -0.2948 0.1543 185 0 69
-0.7333 0.8667 -0.4667 -0.5372 -0.1707 -0.0546 167 0 87
-0.7333 0.8667 -0.3333 -0.4986 -0.0521 -0.2273 162 0 92
-0.7333 0.8667 -0.2000 -0.4152 0.0406 -0.2496 141 0 113
-0.7333 0.8667 -0.0667 -0.3012 0.0914 -0.1068 90 0 164
-0.7333 0.8667 0.0667 -0.1765 0.0914 0.1068 55 0 199
-0.7333 0.8667 0.2000 -0.0625 0.0406 0.2496 66 0 188
-0.7333 0.8667 0.3333 0.0210 -0.0521 0.2273 57 0 197
-0.7333 0.8667 0.4667 0.0595 -0.1707 0.0546 42 0 212
-0.7333 0.8667 0.6000 0.0465 -0.2948 -0.1543 91 0 163
-0.7333 0.8667 0.7333 -0.0159 -0.4028 -0.2610 139 0 115
-0.7333 0.8667 0.8667 -0.1168 -0.4762 -0.1951 155 0 99
-0.7333 0.8667 1.0000 -0.2388 -0.5021 -0.0000 164 0 90
-0.7333 1.0000 -1.0000 -0.2149 -0.4576 0.0000 147 0 107
-0.7333 1.0000 -0.8667 -0.3369 -0.4316 0.1722 170 0 84
-0.7333 1.0000 -0.7333 -0.4378 -0.3583 0.2305 182 0 72
-0.7333 1.0000 -0.6000 -0.5002 -0.2503 0.1362 170 0 84
-0.7333 1.0000 -0.4667 -0.5132 -0.1262 -0.0482 156 0 98
-0.7333 1.0000 -0.3333 -0.4747 -0.0076 -0.2007 150 0 104
-0.7333 1.0000 -0.2000 -0.3912 0.0851 -0.2204 131 0 123
-0.7333 1.0000 -0.0667 -0.2772 0.1359 -0.0943 87 0 167
-0.7333 1.0000 0.0667 -0.1525 0.1359 0.0943 54 0 200
-0.7333 1.0000 0.2000 -0.0385 0.0851 0.2204 59 0 195
-0.7333 1.0000 0.3333 0.0449 -0.0076 0.2007 48 0 206
-0.7333 1.0000 0.4667 0.0835 -0.1262 0.0482 32 0 222
-0.7333 1.0000 0.6000 0.0705 -0.2503 -0.1362 77 0 177
-0.7333 1.0000 0.7333 0.0081 -0.3583 -0.2305 121 0 133
-0.7333 1.0000 0.8667 -0.0928 -0.4316 -0.1722 137 0 117
-0.7333 1.0000 1.0000 -0.2149 -0.4576 -0.0000 147 0 107
-0.6000 -1.0000 -1.0000 0.2567 -0.4540 0.0000 153 0 101
-0.6000 -1.0000 -0.8667 0.1346 -0.4281 0.1882 141 0 113
-0.6000 -1.0000 -0.7333 0.0337 -0.3547 0.2519 124 0 130
-0.6000 -1.0000 -0.6000 -0.0287 -0.2467 0.1489 76 0 178
-0.6000 -1.0000 -0.4667 -0.0417 -0.1226 -0.0527 26 0 228
-0.6000 -1.0000 -0.3333 -0.0031 -0.0040 -0.2194 52 0 202
-0.6000 -1.0000 -0.2000 0.0803 0.0887 -0.2409 69 0 185
-0.6000 -1.0000 -0.0667 0.1943 0.1394 -0.1030 66 0 188
-0.6000 -1.0000 0.0667 0.3190 0.1394 0.1030 100 0 154
-0.6000 -1.0000 0.2000 0.4330 0.0887 0.2409 147 0 107
-0.6000 -1.0000 0.3333 0.5165 -0.0040 0.2194 166 0 88
-0.6000 -1.0000 0.4667 0.5550 -0.1226 0.0527 169 0 85
-0.6000 -1.0000 0.6000 0.5420 -0.2467 -0.1489 183 0 71
-0.6000 -1.0000 0.7333 0.4796 -0.3547 -0.2519 194 0 60
-0.6000 -1.0000 0.8667 0.3787 -0.4281 -0.1882 179 0 75
-0.6000 -1.0000 1.0000 0.2567 -0.4540 -0.0000 153 0 101
-0.6000 -0.8667 -1.0000 0.2853 -0.4975 0.0000 170 0 84
-0.6000 -0.8667 -0.8667 0.1633 -0.4716 0.2132 160 0 94
-0.6000 -0.8667 -0.7333 0.0624 -0.3983 0.2853 143 0 111
-0.6000 -0.8667 -0.6000 -0.0000 -0.2902 0.1686 91 0 163
-0.6000 -0.8667 -0.4667 -0.0131 -0.1662 -0.0596 38 0 216
-0.6000 -0.8667 -0.3333 0.0255 -0.0475 -0.2484 64 0 190
-0.6000 -0.8667 -0.2000 0.1090 0.0452 -0.2728 78 0 176
-0.6000 -0.8667 -0.0667 0.2229 0.0959 -0.1167 69 0 185
-0.6000 -0.8667 0.0667 0.3477 0.0959 0.1167 105 0 149
-0.6000 -0.8667 0.2000 0.4616 0.0452 0.2728 158 0 96
-0.6000 -0.8667 0.3333 0.5451 -0.0475 0.2484 179 0 75
-0.6000 -0.8667 0.4667 0.5837 -0.1662 0.0596 182 0 72
-0.6000 -0.8667 0.6000 0.5706 -0.2902 -0.1686 199 0 55
-0.6000 -0.8667 0.7333 0.5082 -0.3983 -0.2853 214 0 40
-0.6000 -0.8667 0.8667 0.4073 -0.4716 -0.2132 198 0 56
-0.6000 -0.8667 1.0000 0.2853 -0.4975 -0.0000 170 0 84
-0.6000 -0.7333 -1.0000 0.2988 -0.5445 0.0000 185 0 69
-0.6000 -0.7333 -0.8667 0.1768 -0.5185 0.2372 178 0 76
-0.6000 -0.7333 -0.7333 0.0759 -0.4452 0.3174 163 0 91
-0.6000 -0.7333 -0.6000 0.0135 -0.3372 0.1876 108 0 146
-0.6000 -0.7333 -0.4667 0.0005 -0.2131 -0.0664 54 0 200
-0.6000 -0.7333 -0.3333 0.0390 -0.0945 -0.2764 77 0 177
-0.6000 -0.7333 -0.2000 0.1225 -0.0018 -0.3035 88 0 166
-0.6000 -0.7333 -0.0667 0.2364 0.0490 -0.1298 71 0 183
-0.6000 -0.7333 0.0667 0.3612 0.0490 0.1298 108 0 146
-0.6000 -0.7333 0.2000 0.4751 -0.0018 0.3035 167 0 87
-0.6000 -0.7333 0.3333 0.5586 -0.0945 0.2764 189 0 65
-0.6000 -0.7333 0.4667 0.5972 -0.2131 0.0664 191 0 63
-0.6000 -0.7333 0.6000 0.5841 -0.3372 -0.1876 212 0 42
-0.6000 -0.7333 0.7333 0.5218 -0.4452 -0.3174 230 0 24
-0.6000 -0.7333 0.8667 0.4208 -0.5185 -0.2372 215 0 39
-0.6000 -0.7333 1.0000 0.2988 -0.5445 -0.0000 185 0 69
-0.6000 -0.6000 -1.0000 0.2921 -0.5921 0.0000 198 0 56
-0.6000 -0.6000 -0.8667 0.1700 -0.5661 0.2592 194 0 60
-0.6000 -0.6000 -0.7333 0.0691 -0.4928 0.3469 181 0 73
-0.6000 -0.6000 -0.6000 0.0067 -0.3848 0.2050 124 0 130
-0.6000 -0.6000 -0.4667 -0.0063 -0.2607 -0.0725 69 0 185
-0.6000 -0.6000 -0.3333 0.0322 -0.1421 -0.3021 91 0 163
-0.6000 -0.6000 -0.2000 0.1157 -0.0493 -0.3318 97 0 157
-0.6000 -0.6000 -0.0667 0.2297 0.0014 -0.1419 69 0 185
-0.6000 -0.6000 0.0667 0.3544 0.0014 0.1419 106 0 148
-0.6000 -0.6000 0.2000 0.4684 -0.0493 0.3318 171 0 83
-0.6000 -0.6000 0.3333 0.5519 -0.1421 0.3021 193 0 61
-0.6000 -0.6000 0.4667 0.5904 -0.2607 0.0725 195 0 59
-0.6000 -0.6000 0.6000 0.5774 -0.3848 -0.2050 219 0 35
-0.6000 -0.6000 0.7333 0.5150 -0.4928 -0.3469 242 0 12
-0.6000 -0.6000 0.8667 0.4141 -0.5661 -0.2592 227 0 27
-0.6000 -0.6000 1.0000 0.2921 -0.5921 -0.0000 198 0 56
-0.6000 -0.4667 -1.0000 0.2619 -0.6367 0.0000 208 0 46
-0.6000 -0.4667 -0.8667 0.1398 -0.6108 0.2783 207 0 47
-0.6000 -0.4667 -0.7333 0.0389 -0.5374 0.3725 197 0 57
-0.6000 -0.4667 -0.6000 -0.0234 -0.4294 0.2202 140 0 114
-0.6000 -0.4667 -0.4667 -0.0365 -0.3053 -0.0779 85 0 169
-0.6000 -0.4667 -0.3333 0.0021 -0.1867 -0.3244 104 0 150
-0.6000 -0.4667 -0.2000 0.0855 -0.0940 -0.3562 105 0 149
-0.6000 -0.4667 -0.0667 0.1995 -0.0432 -0.1523 64 0 190
-0.6000 -0.4667 0.0667 0.3242 -0.0432 0.1523 99 0 155
-0.6000 -0.4667 0.2000 0.4382 -0.0940 0.3562 169 0 85
-0.6000 -0.4667 0.3333 0.5217 -0.1867 0.3244 192 0 62
-0.6000 -0.4667 0.4667 0.5602 -0.3053 0.0779 193 0 61
-0.6000 -0.4667 0.6000 0.5472 -0.4294 -0.2202 221 0 33
-0.6000 -0.4667 0.7333 0.4848 -0.5374 -0.3725 249 0 5
-0.6000 -0.4667 0.8667 0.3839 -0.6108 -0.2783 236 0 18
-0.6000 -0.4667 1.0000 0.2619 -0.6367 -0.0000 208 0 46
-0.6000 -0.3333 -1.0000 0.2081 -0.6746 0.0000 214 0 40
-0.6000 -0.3333 -0.8667 0.0861 -0.6486 0.2936 217 0 37
-0.6000 -0.3333 -0.7333 -0.0148 -0.5753 0.3929 211 0 43
-0.6000 -0.3333 -0.6000 -0.0772 -0.4673 0.2322 154 0 100
-0.6000 -0.3333 -0.4667 -0.0903 -0.3432 -0.0821 100 0 154
-0.6000 -0.3333 -0.3333 -0.0517 -0.2246 -0.3421 116 0 138
-0.6000 -0.3333 -0.2000 0.0318 -0.1319 -0.3757 112 0 142
-0.6000 -0.3333 -0.0667 0.1457 -0.0811 -0.1607 57 0 197
-0.6000 -0.3333 0.0667 0.2705 -0.0811 0.1607 87 0 167
-0.6000 -0.3333 0.2000 0.3844 -0.1319 0.3757 163 0 91
-0.6000 -0.3333 0.3333 0.4679 -0.2246 0.3421 186 0 68
-0.6000 -0.3333 0.4667 0.5065 -0.3432 0.0821 184 0 70
-0.6000 -0.3333 0.6000 0.4934 -0.4673 -0.2322 218 0 36
-0.6000 -0.3333 0.7333 0.4310 -0.5753 -0.3929 251 0 3
-0.6000 -0.3333 0.8667 0.3301 -0.6486 -0.2936 240 0 14
-0.6000 -0.3333 1.0000 0.2081 -0.6746 -0.0000 214 0 40
-0.6000 -0.2000 -1.0000 0.1341 -0.7022 0.0000 217 0 37
-0.6000 -0.2000 -0.8667 0.0120 -0.6763 0.3042 225 0 29
-0.6000 -0.2000 -0.7333 -0.0889 -0.6029 0.4071 223 0 31
-0.6000 -0.2000 -0.6000 -0.1513 -0.4949 0.2406 169 0 85
-0.6000 -0.2000 -0.4667 -0.1643 -0.3708 -0.0851 117 0 137
-0.6000 -0.2000 -0.3333 -0.1257 -0.2522 -0.3545 130 0 124
-0.6000 -0.2000 -0.2000 -0.0423 -0.1595 -0.3893 120 0 134
-0.6000 -0.2000 -0.0667 0.0717 -0.1087 -0.1665 50 0 204
-0.6000 -0.2000 0.0667 0.1964 -0.1087 0.1665 72 0 182
-0.6000 -0.2000 0.2000 0.3104 -0.1595 0.3893 153 0 101
-0.6000 -0.2000 0.3333 0.3939 -0.2522 0.3545 174 0 80
-0.6000 -0.2000 0.4667 0.4324 -0.3708 0.0851 171 0 83
-0.6000 -0.2000 0.6000 0.4194 -0.4949 -0.2406 209 0 45
-0.6000 -0.2000 0.7333 0.3570 -0.6029 -0.4071 248 0 6
-0.6000 -0.2000 0.8667 0.2561 -0.6763 -0.3042 240 0 14
-0.6000 -0.2000 1.0000 0.1341 -0.7022 -0.0000 217 0 37
-0.6000 -0.0667 -1.0000 0.0463 -0.7167 0.0000 218 0 36
-0.6000 -0.0667 -0.8667 -0.0757 -0.6908 0.3097 232 0 22
-0.6000 -0.0667 -0.7333 -0.1766 -0.6175 0.4144 233 0 21
-0.6000 -0.0667 -0.6000 -0.2390 -0.5095 0.2449 183 0 71
-0.6000 -0.0667 -0.4667 -0.2521 -0.3854 -0.0866 135 0 119
-0.6000 -0.0667 -0.3333 -0.2135 -0.2667 -0.3609 144 0 110
-0.6000 -0.0667 -0.2000 -0.1300 -0.1740 -0.3963 129 0 125
-0.6000 -0.0667 -0.0667 -0.0161 -0.1233 -0.1695 49 0 205
-0.6000 -0.0667 0.0667 0.1087 -0.1233 0.1695 58 0 196
-0.6000 -0.0667 0.2000 0.2226 -0.1740 0.3963 141 0 113
-0.6000 -0.0667 0.3333 0.3061 -0.2667 0.3609 160 0 94
-0.6000 -0.0667 0.4667 0.3447 -0.3854 0.0866 153 0 101
-0.6000 -0.0667 0.6000 0.3316 -0.5095 -0.2449 197 0 57
-0.6000 -0.0667 0.7333 0.2692 -0.6175 -0.4144 242 0 12
-0.6000 -0.0667 0.8667 0.1683 -0.6908 -0.3097 237 0 17
-0.6000 -0.0667 1.0000 0.0463 -0.7167 -0.0000 218 0 36
-0.6000 0.0667 -1.0000 -0.0463 -0.7167 0.0000 218 0 36
-0.6000 0.0667 -0.8667 -0.1683 -0.6908 0.3097 237 0 17
-0.6000 0.0667 -0.7333 -0.2692 -0.6175 0.4144 242 0 12
-0.6000 0.0667 -0.6000 -0.3316 -0.5095 0.2449 197 0 57
-0.6000 0.0667 -0.4667 -0.3447 -0.3854 -0.0866 153 0 101
-0.6000 0.0667 -0.3333 -0.3061 -0.2667 -0.3609 160 0 94
-0.6000 0.0667 -0.2000 -0.2226 -0.1740 -0.3963 141 0 113
-0.6000 0.0667 -0.0667 -0.1087 -0.1233 -0.1695 58 0 196
-0.6000 0.0667 0.0667 0.0161 -0.1233 0.1695 49 0 205
-0.6000 0.0667 0.2000 0.1300 -0.1740 0.3963 129 0 125
-0.6000 0.0667 0.3333 0.2135 -0.2667 0.3609 144 0 110
-0.6000 0.0667 0.4667 0.2521 -0.3854 0.0866 135 0 119
-0.6000 0.0667 0.6000 0.2390 -0.5095 -0.2449 183 0 71
-0.6000 0.0667 0.7333 0.1766 -0.6175 -0.4144 233 0 21
-0.6000 0.0667 0.8667 0.0757 -0.6908 -0.3097 232 0 22
-0.6000 0.0667 1.0000 -0.0463 -0.7167 -0.0000 218 0 36
-0.6000 0.2000 -1.0000 -0.1341 -0.7022 0.0000 217 0 37
-0.6000 0.2000 -0.8667 -0.2561 -0.6763 0.3042 240 0 14
-0.6000 0.2000 -0.7333 -0.3570 -0.6029 0.4071 248 0 6
-0.6000 0.2000 -0.6000 -0.4194 -0.4949 0.2406 209 0 45
-0.6000 0.2000 -0.4667 -0.4324 -0.3708 -0.0851 171 0 83
-0.6000 0.2000 -0.3333 -0.3939 -0.2522 -0.3545 174 0 80
-0.6000 0.2000 -0.2000 -0.3104 -0.1595 -0.3893 153 0 101
-0.6000 0.2000 -0.0667 -0.1964 -0.1087 -0.1665 72 0 182
-0.6000 0.2000 0.0667 -0.0717 -0.1087 0.1665 50 0 204
-0.6000 0.2000 0.2000 0.0423 -0.1595 0.3893 120 0 134
-0.6000 0.2000 0.3333 0.1257 -0.2522 0.3545 130 0 124
-0.6000 0.2000 0.4667 0.1643 -0.3708 0.0851 117 0 137
-0.6000 0.2000 0.6000 0.1513 -0.4949 -0.2406 169 0 85
-0.6000 0.2000 0.7333 0.0889 -0.6029 -0.4071 223 0 31
-0.6000 0.2000 0.8667 -0.0120 -0.6763 -0.3042 225 0 29
-0.6000 0.2000 1.0000 -0.1341 -0.7022 -0.0000 217 0 37
-0.6000 0.3333 -1.0000 -0.2081 -0.6746 0.0000 214 0 40
-0.6000 0.3333 -0.8667 -0.3301 -0.6486 0.2936 240 0 14
-0.6000 0.3333 -0.7333 -0.4310 -0.5753 0.3929 251 0 3
-0.6000 0.3333 -0.6000 -0.4934 -0.4673 0.2322 218 0 36
-0.6000 0.3333 -0.4667 -0.5065 -0.3432 -0.0821 184 0 70
-0.6000 0.3333 -0.3333 -0.4679 -0.2246 -0.3421 186 0 68
-0.6000 0.3333 -0.2000 -0.3844 -0.1319 -0.3757 163 0 91
-0.6000 0.3333 -0.0667 -0.2705 -0.0811 -0.1607 87 0 167
-0.6000 0.3333 0.0667 -0.1457 -0.0811 0.1607 57 0 197
-0.6000 0.3333 0.2000 -0.0318 -0.1319 0.3757 112 0 142
-0.6000 0.3333 0.3333 0.0517 -0.2246 0.3421 116 0 138
-0.6000 0.3333 0.4667 0.0903 -0.3432 0.0821 100 0 154
-0.6000 0.3333 0.6000 0.0772 -0.4673 -0.2322 154 0 100
-0.6000 0.3333 0.7333 0.0148 -0.5753 -0.3929 211 0 43
-0.6000 0.3333 0.8667 -0.0861 -0.6486 -0.2936 217 0 37
-0.6000 0.3333 1.0000 -0.2081 -0.6746 -0.0000 214 0 40
-0.6000 0.4667 -1.0000 -0.2619 -0.6367 0.0000 208 0 46
-0.6000 0.4667 -0.8667 -0.3839 -0.6108 0.2783 236 0 18
-0.6000 0.4667 -0.7333 -0.4848 -0.5374 0.3725 249 0 5
-0.6000 0.4667 -0.6000 -0.5472 -0.4294 0.2202 221 0 33
-0.6000 0.4667 -0.4667 -0.5602 -0.3053 -0.0779 193 0 61
-0.6000 0.4667 -0.3333 -0.5217 -0.1867 -0.3244 192 0 62
-0.6000 0.4667 -0.2000 -0.4382 -0.0940 -0.3562 169 0 85
-0.6000 0.4667 -0.0667 -0.3242 -0.0432 -0.1523 99 0 155
-0.6000 0.4667 0.0667 -0.1995 -0.0432 0.1523 64 0 190
-0.6000 0.4667 0.2000 -0.0855 -0.0940 0.3562 105 0 149
-0.6000 0.4667 0.3333 -0.0021 -0.1867 0.3244 104 0 150
-0.6000 0.4667 0.4667 0.0365 -0.3053 0.0779 85 0 169
-0.6000 0.4667 0.6000 0.0234 -0.4294 -0.2202 140 0 114
-0.6000 0.4667 0.7333 -0.0389 -0.5374 -0.3725 197 0 57
-0.6000 0.4667 0.8667 -0.1398 -0.6108 -0.2783 207 0 47
-0.6000 0.4667 1.0000 -0.2619 -0.6367 -0.0000 208 0 46
-0.6000 0.6000 -1.0000 -0.2921 -0.5921 0.0000 198 0 56
-0.6000 0.6000 -0.8667 -0.4141 -0.5661 0.2592 227 0 27
-0.6000 0.6000 -0.7333 -0.5150 -0.4928 0.3469 242 0 12
-0.6000 0.6000 -0.6000 -0.5774 -0.3848 0.2050 219 0 35
-0.6000 0.6000 -0.4667 -0.5904 -0.2607 -0.0725 195 0 59
-0.6000 0.6000 -0.3333 -0.5519 -0.1421 -0.3021 193 0 61
-0.6000 0.6000 -0.2000 -0.4684 -0.0493 -0.3318 171 0 83
-0.6000 0.6000 -0.0667 -0.3544 0.0014 -0.1419 106 0 148
-0.6000 0.6000 0.0667 -0.2297 0.0014 0.1419 69 0 185
-0.6000 0.6000 0.2000 -0.1157 -0.0493 0.3318 97 0 157
-0.6000 0.6000 0.3333 -0.0322 -0.1421 0.3021 91 0 163
-0.6000 0.6000 0.4667 0.0063 -0.2607 0.0725 69 0 185
-0.6000 0.6000 0.6000 -0.0067 -0.3848 -0.2050 124 0 130
-0.6000 0.6000 0.7333 -0.0691 -0.4928 -0.3469 181 0 73
-0.6000 0.6000 0.8667 -0.1700 -0.5661 -0.2592 194 0 60
-0.6000 0.6000 1.0000 -0.2921 -0.5921 -0.0000 198 0 56
-0.6000 0.7333 -1.0000 -0.2988 -0.5445 0.0000 185 0 69
-0.6000 0.7333 -0.8667 -0.4208 -0.5185 0.2372 215 0 39
-0.6000 0.7333 -0.7333 -0.5218 -0.4452 0.3174 230 0 24
-0.6000 0.7333 -0.6000 -0.5841 -0.3372 0.1876 212 0 42
-0.6000 0.7333 -0.4667 -0.5972 -0.2131 -0.0664 191 0 63
-0.6000 0.7333 -0.3333 -0.5586 -0.0945 -0.2764 189 0 65
-0.6000 0.7333 -0.2000 -0.4751 -0.0018 -0.3035 167 0 87
-0.6000 0.7333 -0.0667 -0.3612 0.0490 -0.1298 108 0 146
-0.6000 0.7333 0.0667 -0.2364 0.0490 0.1298 71 0 183
-0.6000 0.7333 0.2000 -0.1225 -0.0018 0.3035 88 0 166
-0.6000 0.7333 0.3333 -0.0390 -0.0945 0.2764 77 0 177
-0.6000 0.7333 0.4667 -0.0005 -0.2131 0.0664 54 0 200
-0.6000 0.7333 0.6000 -0.0135 -0.3372 -0.1876 108 0 146
-0.6000 0.7333 0.7333 -0.0759 -0.4452 -0.3174 163 0 91
-0.6000 0.7333 0.8667 -0.1768 -0.5185 -0.2372 178 0 76
-0.6000 0.7333 1.0000 -0.2988 -0.5445 -0.0000 185 0 69
-0.6000 0.8667 -1.0000 -0.2853 -0.4975 0.0000 170 0 84
-0.6000 0.8667 -0.8667 -0.4073 -0.4716 0.2132 198 0 56
-0.6000 0.8667 -0.7333 -0.5082 -0.3983 0.2853 214 0 40
-0.6000 0.8667 -0.6000 -0.5706 -0.2902 0.1686 199 0 55
-0.6000 0.8667 -0.4667 -0.5837 -0.1662 -0.0596 182 0 72
-0.6000 0.8667 -0.3333 -0.5451 -0.0475 -0.2484 179 0 75
-0.6000 0.8667 -0.2000 -0.4616 0.0452 -0.2728 158 0 96
-0.6000 0.8667 -0.0667 -0.3477 0.0959 -0.1167 105 0 149
-0.6000 0.8667 0.0667 -0.2229 0.0959 0.1167 69 0 185
-0.6000 0.8667 0.2000 -0.1090 0.0452 0.2728 78 0 176
-0.6000 0.8667 0.3333 -0.0255 -0.0475 0.2484 64 0 190
-0.6000 0.8667 0.4667 0.0131 -0.1662 0.0596 38 0 216
-0.6000 0.8667 0.6000 0.0000 -0.2902 -0.1686 91 0 163
-0.6000 0.8667 0.7333 -0.0624 -0.3983 -0.2853 143 0 111
-0.6000 0.8667 0.8667 -0.1633 -0.4716 -0.2132 160 0 94
-0.6000 0.8667 1.0000 -0.2853 -0.4975 -0.0000 170 0 84
-0.6000 1.0000 -1.0000 -0.2567 -0.4540 0.0000 153 0 101
-0.6000 1.0000 -0.8667 -0.3787 -0.4281 0.1882 179 0 75
-0.6000 1.0000 -0.7333 -0.4796 -0.3547 0.2519 194 0 60
-0.6000 1.0000 -0.6000 -0.5420 -0.2467 0.1489 183 0 71
-0.6000 1.0000 -0.4667 -0.5550 -0.1226 -0.0527 169 0 85
-0.6000 1.0000 -0.3333 -0.5165 -0.0040 -0.2194 166 0 88
-0.6000 1.0000 -0.2000 -0.4330 0.0887 -0.2409 147 0 107
-0.6000 1.0000 -0.0667 -0.3190 0.1394 -0.1030 100 0 154
-0.6000 1.0000 0.0667 -0.1943 0.1394 0.1030 66 0 188
-0.6000 1.0000 0.2000 -0.0803 0.0887 0.2409 69 0 185
-0.6000 1.0000 0.3333 0.0031 -0.0040 0.2194 52 0 202
-0.6000 1.0000 0.4667 0.0417 -0.1226 0.0527 26 0 228
-0.6000 1.0000 0.6000 0.0287 -0.2467 -0.1489 76 0 178
-0.6000 1.0000 0.7333 -0.0337 -0.3547 -0.2519 124 0 130
-0.6000 1.0000 0.8667 -0.1346 -0.4281 -0.1882 141 0 113
-0.6000 1.0000 1.0000 -0.2567 -0.4540 -0.0000 153 0 101
-0.4667 -1.0000 -1.0000 0.2959 -0.4381 0.0000 155 0 99
-0.4667 -1.0000 -0.8667 0.1739 -0.4121 0.2021 142 0 112
-0.4667 -1.0000 -0.7333 0.0729 -0.3388 0.2705 125 0 129
-0.4667 -1.0000 -0.6000 0.0106 -0.2308 0.1599 73 0 181
-0.4667 -1.0000 -0.4667 -0.0025 -0.1067 -0.0565 20 0 234
-0.4667 -1.0000 -0.3333 0.0361 0.0119 -0.2355 59 0 195
-0.4667 -1.0000 -0.2000 0.1196 0.1046 -0.2587 80 0 174
-0.4667 -1.0000 -0.0667 0.2335 0.1554 -0.1106 80 0 174
-0.4667 -1.0000 0.0667 0.3583 0.1554 0.1106 114 0 140
-0.4667 -1.0000 0.2000 0.4722 0.1046 0.2587 161 0 93
-0.4667 -1.0000 0.3333 0.5557 0.0119 0.2355 180 0 74
-0.4667 -1.0000 0.4667 0.5942 -0.1067 0.0565 181 0 73
-0.4667 -1.0000 0.6000 0.5812 -0.2308 -0.1599 194 0 60
-0.4667 -1.0000 0.7333 0.5188 -0.3388 -0.2705 204 0 50
-0.4667 -1.0000 0.8667 0.4179 -0.4121 -0.2021 185 0 69
-0.4667 -1.0000 1.0000 0.2959 -0.4381 -0.0000 155 0 99
-0.4667 -0.8667 -1.0000 0.3289 -0.4771 0.0000 172 0 82
-0.4667 -0.8667 -0.8667 0.2069 -0.4512 0.2289 161 0 93
-0.4667 -0.8667 -0.7333 0.1060 -0.3778 0.3063 145 0 109
-0.4667 -0.8667 -0.6000 0.0436 -0.2698 0.1810 88 0 166
-0.4667 -0.8667 -0.4667 0.0305 -0.1457 -0.0640 33 0 221
-0.4667 -0.8667 -0.3333 0.0691 -0.0271 -0.2668 72 0 182
-0.4667 -0.8667 -0.2000 0.1526 0.0656 -0.2929 91 0 163
-0.4667 -0.8667 -0.0667 0.2665 0.1163 -0.1253 85 0 169
-0.4667 -0.8667 0.0667 0.3913 0.1163 0.1253 121 0 133
-0.4667 -0.8667 0.2000 0.5052 0.0656 0.2929 174 0 80
-0.4667 -0.8667 0.3333 0.5887 -0.0271 0.2668 194 0 60
-0.4667 -0.8667 0.4667 0.6273 -0.1457 0.0640 194 0 60
-0.4667 -0.8667 0.6000 0.6142 -0.2698 -0.1810 210 0 44
-0.4667 -0.8667 0.7333 0.5518 -0.3778 -0.3063 223 0 31
-0.4667 -0.8667 0.8667 0.4509 -0.4512 -0.2289 204 0 50
-0.4667 -0.8667 1.0000 0.3289 -0.4771 -0.0000 172 0 82
-0.4667 -0.7333 -1.0000 0.3445 -0.5192 0.0000 186 0 68
-0.4667 -0.7333 -0.8667 0.2225 -0.4933 0.2547 178 0 76
-0.4667 -0.7333 -0.7333 0.1215 -0.4200 0.3408 163 0 91
-0.4667 -0.7333 -0.6000 0.0592 -0.3119 0.2014 104 0 150
-0.4667 -0.7333 -0.4667 0.0461 -0.1879 -0.0712 48 0 206
-0.4667 -0.7333 -0.3333 0.0847 -0.0692 -0.2968 85 0 169
-0.4667 -0.7333 -0.2000 0.1681 0.0235 -0.3259 102 0 152
-0.4667 -0.7333 -0.0667 0.2821 0.0742 -0.1394 87 0 167
-0.4667 -0.7333 0.0667 0.4069 0.0742 0.1394 124 0 130
-0.4667 -0.7333 0.2000 0.5208 0.0235 0.3259 183 0 71
-0.4667 -0.7333 0.3333 0.6043 -0.0692 0.2968 204 0 50
-0.4667 -0.7333 0.4667 0.6428 -0.1879 0.0712 203 0 51
-0.4667 -0.7333 0.6000 0.6298 -0.3119 -0.2014 222 0 32
-0.4667 -0.7333 0.7333 0.5674 -0.4200 -0.3408 239 0 15
-0.4667 -0.7333 0.8667 0.4665 -0.4933 -0.2547 220 0 34
-0.4667 -0.7333 1.0000 0.3445 -0.5192 -0.0000 186 0 68
-0.4667 -0.6000 -1.0000 0.3367 -0.5619 0.0000 197 0 57
-0.4667 -0.6000 -0.8667 0.2147 -0.5359 0.2783 192 0 62
-0.4667 -0.6000 -0.7333 0.1137 -0.4626 0.3725 180 0 74
-0.4667 -0.6000 -0.6000 0.0514 -0.3546 0.2202 119 0 135
-0.4667 -0.6000 -0.4667 0.0383 -0.2305 -0.0779 61 0 193
-0.4667 -0.6000 -0.3333 0.0769 -0.1119 -0.3244 96 0 158
-0.4667 -0.6000 -0.2000 0.1604 -0.0192 -0.3562 109 0 145
-0.4667 -0.6000 -0.0667 0.2743 0.0316 -0.1523 84 0 170
-0.4667 -0.6000 0.0667 0.3991 0.0316 0.1523 122 0 132
-0.4667 -0.6000 0.2000 0.5130 -0.0192 0.3562 187 0 67
-0.4667 -0.6000 0.3333 0.5965 -0.1119 0.3244 208 0 46
-0.4667 -0.6000 0.4667 0.6350 -0.2305 0.0779 205 0 49
-0.4667 -0.6000 0.6000 0.6220 -0.3546 -0.2202 228 0 26
-0.4667 -0.6000 0.7333 0.5596 -0.4626 -0.3725 250 0 4
-0.4667 -0.6000 0.8667 0.4587 -0.5359 -0.2783 231 0 23
-0.4667 -0.6000 1.0000 0.3367 -0.5619 -0.0000 197 0 57
-0.4667 -0.4667 -1.0000 0.3019 -0.6019 0.0000 203 0 51
-0.4667 -0.4667 -0.8667 0.1799 -0.5760 0.2989 203 0 51
-0.4667 -0.4667 -0.7333 0.0789 -0.5026 0.3999 194 0 60
-0.4667 -0.4667 -0.6000 0.0166 -0.3946 0.2364 132 0 122
-0.4667 -0.4667 -0.4667 0.0035 -0.2705 -0.0836 74 0 180
-0.4667 -0.4667 -0.3333 0.0421 -0.1519 -0.3483 106 0 148
-0.4667 -0.4667 -0.2000 0.1256 -0.0592 -0.3825 115 0 139
-0.4667 -0.4667 -0.0667 0.2395 -0.0084 -0.1636 76 0 178
-0.4667 -0.4667 0.0667 0.3643 -0.0084 0.1636 112 0 142
-0.4667 -0.4667 0.2000 0.4782 -0.0592 0.3825 184 0 70
-0.4667 -0.4667 0.3333 0.5617 -0.1519 0.3483 204 0 50
-0.4667 -0.4667 0.4667 0.6002 -0.2705 0.0836 200 0 54
-0.4667 -0.4667 0.6000 0.5872 -0.3946 -0.2364 227 0 27
-0.4667 -0.4667 0.7333 0.5248 -0.5026 -0.3999 254 0 0
-0.4667 -0.4667 0.8667 0.4239 -0.5760 -0.2989 236 0 18
-0.4667 -0.4667 1.0000 0.3019 -0.6019 -0.0000 203 0 51
-0.4667 -0.3333 -1.0000 0.2399 -0.6359 0.0000 205 0 49
-0.4667 -0.3333 -0.8667 0.1179 -0.6099 0.3152 211 0 43
-0.4667 -0.3333 -0.7333 0.0170 -0.5366 0.4219 206 0 48
-0.4667 -0.3333 -0.6000 -0.0454 -0.4286 0.2493 145 0 109
-0.4667 -0.3333 -0.4667 -0.0584 -0.3045 -0.0882 87 0 167
-0.4667 -0.3333 -0.3333 -0.0199 -0.1859 -0.3674 116 0 138
-0.4667 -0.3333 -0.2000 0.0636 -0.0932 -0.4034 119 0 135
-0.4667 -0.3333 -0.0667 0.1775 -0.0424 -0.1725 63 0 191
-0.4667 -0.3333 0.0667 0.3023 -0.0424 0.1725 96 0 158
-0.4667 -0.3333 0.2000 0.4162 -0.0932 0.4034 174 0 80
-0.4667 -0.3333 0.3333 0.4997 -0.1859 0.3674 194 0 60
-0.4667 -0.3333 0.4667 0.5383 -0.3045 0.0882 187 0 67
-0.4667 -0.3333 0.6000 0.5252 -0.4286 -0.2493 219 0 35
-0.4667 -0.3333 0.7333 0.4629 -0.5366 -0.4219 253 0 1
-0.4667 -0.3333 0.8667 0.3619 -0.6099 -0.3152 237 0 17
-0.4667 -0.3333 1.0000 0.2399 -0.6359 -0.0000 205 0 49
-0.4667 -0.2000 -1.0000 0.1546 -0.6606 0.0000 204 0 50
-0.4667 -0.2000 -0.8667 0.0325 -0.6347 0.3266 216 0 38
-0.4667 -0.2000 -0.7333 -0.0684 -0.5614 0.4371 217 0 37
-0.4667 -0.2000 -0.6000 -0.1308 -0.4533 0.2584 158 0 96
-0.4667 -0.2000 -0.4667 -0.1438 -0.3293 -0.0914 103 0 151
-0.4667 -0.2000 -0.3333 -0.1053 -0.2106 -0.3806 128 0 126
-0.4667 -0.2000 -0.2000 -0.0218 -0.1179 -0.4180 124 0 130
-0.4667 -0.2000 -0.0667 0.0922 -0.0672 -0.1788 50 0 204
-0.4667 -0.2000 0.0667 0.2169 -0.0672 0.1788 76 0 178
-0.4667 -0.2000 0.2000 0.3309 -0.1179 0.4180 161 0 93
-0.4667 -0.2000 0.3333 0.4144 -0.2106 0.3806 179 0 75
-0.4667 -0.2000 0.4667 0.4529 -0.3293 0.0914 168 0 86
-0.4667 -0.2000 0.6000 0.4399 -0.4533 -0.2584 206 0 48
-0.4667 -0.2000 0.7333 0.3775 -0.5614 -0.4371 247 0 7
-0.4667 -0.2000 0.8667 0.2766 -0.6347 -0.3266 233 0 21
-0.4667 -0.2000 1.0000 0.1546 -0.6606 -0.0000 204 0 50
-0.4667 -0.0667 -1.0000 0.0534 -0.6737 0.0000 204 0 50
-0.4667 -0.0667 -0.8667 -0.0686 -0.6477 0.3325 222 0 32
-0.4667 -0.0667 -0.7333 -0.1696 -0.5744 0.4450 227 0 27
-0.4667 -0.0667 -0.6000 -0.2319 -0.4664 0.2630 173 0 81
-0.4667 -0.0667 -0.4667 -0.2450 -0.3423 -0.0930 123 0 131
-0.4667 -0.0667 -0.3333 -0.2064 -0.2237 -0.3875 143 0 111
-0.4667 -0.0667 -0.2000 -0.1230 -0.1310 -0.4255 133 0 121
-0.4667 -0.0667 -0.0667 -0.0090 -0.0802 -0.1820 46 0 208
-0.4667 -0.0667 0.0667 0.1158 -0.0802 0.1820 56 0 198
-0.4667 -0.0667 0.2000 0.2297 -0.1310 0.4255 146 0 108
-0.4667 -0.0667 0.3333 0.3132 -0.2237 0.3875 161 0 93
-0.4667 -0.0667 0.4667 0.3517 -0.3423 0.0930 145 0 109
-0.4667 -0.0667 0.6000 0.3387 -0.4664 -0.2630 190 0 64
-0.4667 -0.0667 0.7333 0.2763 -0.5744 -0.4450 237 0 17
-0.4667 -0.0667 0.8667 0.1754 -0.6477 -0.3325 228 0 26
-0.4667 -0.0667 1.0000 0.0534 -0.6737 -0.0000 204 0 50
-0.4667 0.0667 -1.0000 -0.0534 -0.6737 0.0000 204 0 50
-0.4667 0.0667 -0.8667 -0.1754 -0.6477 0.3325 228 0 26
-0.4667 0.0667 -0.7333 -0.2763 -0.5744 0.4450 237 0 17
-0.4667 0.0667 -0.6000 -0.3387 -0.4664 0.2630 190 0 64
-0.4667 0.0667 -0.4667 -0.3517 -0.3423 -0.0930 145 0 109
-0.4667 0.0667 -0.3333 -0.3132 -0.2237 -0.3875 161 0 93
-0.4667 0.0667 -0.2000 -0.2297 -0.1310 -0.4255 146 0 108
-0.4667 0.0667 -0.0667 -0.1158 -0.0802 -0.1820 56 0 198
-0.4667 0.0667 0.0667 0.0090 -0.0802 0.1820 46 0 208
-0.4667 0.0667 0.2000 0.1230 -0.1310 0.4255 133 0 121
-0.4667 0.0667 0.3333 0.2064 -0.2237 0.3875 143 0 111
-0.4667 0.0667 0.4667 0.2450 -0.3423 0.0930 123 0 131
-0.4667 0.0667 0.6000 0.2319 -0.4664 -0.2630 173 0 81
-0.4667 0.0667 0.7333 0.1696 -0.5744 -0.4450 227 0 27
-0.4667 0.0667 0.8667 0.0686 -0.6477 -0.3325 222 0 32
-0.4667 0.0667 1.0000 -0.0534 -0.6737 -0.0000 204 0 50
-0.4667 0.2000 -1.0000 -0.1546 -0.6606 0.0000 204 0 50
-0.4667 0.2000 -0.8667 -0.2766 -0.6347 0.3266 233 0 21
-0.4667 0.2000 -0.7333 -0.3775 -0.5614 0.4371 247 0 7
-0.4667 0.2000 -0.6000 -0.4399 -0.4533 0.2584 206 0 48
-0.4667 0.2000 -0.4667 -0.4529 -0.3293 -0.0914 168 0 86
-0.4667 0.2000 -0.3333 -0.4144 -0.2106 -0.3806 179 0 75
-0.4667 0.2000 -0.2000 -0.3309 -0.1179 -0.4180 161 0 93
-0.4667 0.2000 -0.0667 -0.2169 -0.0672 -0.1788 76 0 178
-0.4667 0.2000 0.0667 -0.0922 -0.0672 0.1788 50 0 204
-0.4667 0.2000 0.2000 0.0218 -0.1179 0.4180 124 0 130
-0.4667 0.2000 0.3333 0.1053 -0.2106 0.3806 128 0 126
-0.4667 0.2000 0.4667 0.1438 -0.3293 0.0914 103 0 151
-0.4667 0.2000 0.6000 0.1308 -0.4533 -0.2584 158 0 96
-0.4667 0.2000 0.7333 0.0684 -0.5614 -0.4371 217 0 37
-0.4667 0.2000 0.8667 -0.0325 -0.6347 -0.3266 216 0 38
-0.4667 0.2000 1.0000 -0.1546 -0.6606 -0.0000 204 0 50
-0.4667 0.3333 -1.0000 -0.2399 -0.6359 0.0000 205 0 49
-0.4667 0.3333 -0.8667 -0.3619 -0.6099 0.3152 237 0 17
-0.4667 0.3333 -0.7333 -0.4629 -0.5366 0.4219 253 0 1
-0.4667 0.3333 -0.6000 -0.5252 -0.4286 0.2493 219 0 35
-0.4667 0.3333 -0.4667 -0.5383 -0.3045 -0.0882 187 0 67
-0.4667 0.3333 -0.3333 -0.4997 -0.1859 -0.3674 194 0 60
-0.4667 0.3333 -0.2000 -0.4162 -0.0932 -0.4034 174 0 80
-0.4667 0.3333 -0.0667 -0.3023 -0.0424 -0.1725 96 0 158
-0.4667 0.3333 0.0667 -0.1775 -0.0424 0.1725 63 0 191
-0.4667 0.3333 0.2000 -0.0636 -0.0932 0.4034 119 0 135
-0.4667 0.3333 0.3333 0.0199 -0.1859 0.3674 116 0 138
-0.4667 0.3333 0.4667 0.0584 -0.3045 0.0882 87 0 167
-0.4667 0.3333 0.6000 0.0454 -0.4286 -0.2493 145 0 109
-0.4667 0.3333 0.7333 -0.0170 -0.5366 -0.4219 206 0 48
-0.4667 0.3333 0.8667 -0.1179 -0.6099 -0.3152 211 0 43
-0.4667 0.3333 1.0000 -0.2399 -0.6359 -0.0000 205 0 49
-0.4667 0.4667 -1.0000 -0.3019 -0.6019 0.0000 203 0 51
-0.4667 0.4667 -0.8667 -0.4239 -0.5760 0.2989 236 0 18
-0.4667 0.4667 -0.7333 -0.5248 -0.5026 0.3999 254 0 0
-0.4667 0.4667 -0.6000 -0.5872 -0.3946 0.2364 227 0 27
-0.4667 0.4667 -0.4667 -0.6002 -0.2705 -0.0836 200 0 54
-0.4667 0.4667 -0.3333 -0.5617 -0.1519 -0.3483 204 0 50
-0.4667 0.4667 -0.2000 -0.4782 -0.0592 -0.3825 184 0 70
-0.4667 0.4667 -0.0667 -0.3643 -0.0084 -0.1636 112 0 142
-0.4667 0.4667 0.0667 -0.2395 -0.0084 0.1636 76 0 178
-0.4667 0.4667 0.2000 -0.1256 -0.0592 0.3825 115 0 139
-0.4667 0.4667 0.3333 -0.0421 -0.1519 0.3483 106 0 148
-0.4667 0.4667 0.4667 -0.0035 -0.2705 0.0836 74 0 180
-0.4667 0.4667 0.6000 -0.0166 -0.3946 -0.2364 132 0 122
-0.4667 0.4667 0.7333 -0.0789 -0.5026 -0.3999 194 0 60
-0.4667 0.4667 0.8667 -0.1799 -0.5760 -0.2989 203 0 51
-0.4667 0.4667 1.0000 -0.3019 -0.6019 -0.0000 203 0 51
-0.4667 0.6000 -1.0000 -0.3367 -0.5619 0.0000 197 0 57
-0.4667 0.6000 -0.8667 -0.4587 -0.5359 0.2783 231 0 23
-0.4667 0.6000 -0.7333 -0.5596 -0.4626 0.3725 250 0 4
-0.4667 0.6000 -0.6000 -0.6220 -0.3546 0.2202 228 0 26
-0.4667 0.6000 -0.4667 -0.6350 -0.2305 -0.0779 205 0 49
-0.4667 0.6000 -0.3333 -0.5965 -0.1119 -0.3244 208 0 46
-0.4667 0.6000 -0.2000 -0.5130 -0.0192 -0.3562 187 0 67
-0.4667 0.6000 -0.0667 -0.3991 0.0316 -0.1523 122 0 132
-0.4667 0.6000 0.0667 -0.2743 0.0316 0.1523 84 0 170
-0.4667 0.6000 0.2000 -0.1604 -0.0192 0.3562 109 0 145
-0.4667 0.6000 0.3333 -0.0769 -0.1119 0.3244 96 0 158
-0.4667 0.6000 0.4667 -0.0383 -0.2305 0.0779 61 0 193
-0.4667 0.6000 0.6000 -0.0514 -0.3546 -0.2202 119 0 135
-0.4667 0.6000 0.7333 -0.1137 -0.4626 -0.3725 180 0 74
-0.4667 0.6000 0.8667 -0.2147 -0.5359 -0.2783 192 0 62
-0.4667 0.6000 1.0000 -0.3367 -0.5619 -0.0000 197 0 57
-0.4667 0.7333 -1.0000 -0.3445 -0.5192 0.0000 186 0 68
-0.4667 0.7333 -0.8667 -0.4665 -0.4933 0.2547 220 0 34
-0.4667 0.7333 -0.7333 -0.5674 -0.4200 0.3408 239 0 15
-0.4667 0.7333 -0.6000 -0.6298 -0.3119 0.2014 222 0 32
-0.4667 0.7333 -0.4667 -0.6428 -0.1879 -0.0712 203 0 51
-0.4667 0.7333 -0.3333 -0.6043 -0.0692 -0.2968 204 0 50
-0.4667 0.7333 -0.2000 -0.5208 0.0235 -0.3259 183 0 71
-0.4667 0.7333 -0.0667 -0.4069 0.0742 -0.1394 124 0 130
-0.4667 0.7333 0.0667 -0.2821 0.0742 0.1394 87 0 167
-0.4667 0.7333 0.2000 -0.1681 0.0235 0.3259 102 0 152
-0.4667 0.7333 0.3333 -0.0847 -0.0692 0.2968 85 0 169
-0.4667 0.7333 0.4667 -0.0461 -0.1879 0.0712 48 0 206
-0.4667 0.7333 0.6000 -0.0592 -0.3119 -0.2014 104 0 150
-0.4667 0.7333 0.7333 -0.1215 -0.4200 -0.3408 163 0 91
-0.4667 0.7333 0.8667 -0.2225 -0.4933 -0.2547 178 0 76
-0.4667 0.7333 1.0000 -0.3445 -0.5192 -0.0000 186 0 68
-0.4667 0.8667 -1.0000 -0.3289 -0.4771 0.0000 172 0 82
-0.4667 0.8667 -0.8667 -0.4509 -0.4512 0.2289 204 0 50
-0.4667 0.8667 -0.7333 -0.5518 -0.3778 0.3063 223 0 31
-0.4667 0.8667 -0.6000 -0.6142 -0.2698 0.1810 210 0 44
-0.4667 0.8667 -0.4667 -0.6273 -0.1457 -0.0640 194 0 60
-0.4667 0.8667 -0.3333 -0.5887 -0.0271 -0.2668 194 0 60
-0.4667 0.8667 -0.2000 -0.5052 0.0656 -0.2929 174 0 80
-0.4667 0.8667 -0.0667 -0.3913 0.1163 -0.1253 121 0 133
-0.4667 0.8667 0.0667 -0.2665 0.1163 0.1253 85 0 169
-0.4667 0.8667 0.2000 -0.1526 0.0656 0.2929 91 0 163
-0.4667 0.8667 0.3333 -0.0691 -0.0271 0.2668 72 0 182
-0.4667 0.8667 0.4667 -0.0305 -0.1457 0.0640 33 0 221
-0.4667 0.8667 0.6000 -0.0436 -0.2698 -0.1810 88 0 166
-0.4667 0.8667 0.7333 -0.1060 -0.3778 -0.3063 145 0 109
-0.4667 0.8667 0.8667 -0.2069 -0.4512 -0.2289 161 0 93
-0.4667 0.8667 1.0000 -0.3289 -0.4771 -0.0000 172 0 82
-0.4667 1.0000 -1.0000 -0.2959 -0.4381 0.0000 155 0 99
-0.4667 1.0000 -0.8667 -0.4179 -0.4121 0.2021 185 0 69
-0.4667 1.0000 -0.7333 -0.5188 -0.3388 0.2705 204 0 50
-0.4667 1.0000 -0.6000 -0.5812 -0.2308 0.1599 194 0 60
-0.4667 1.0000 -0.4667 -0.5942 -0.1067 -0.0565 181 0 73
-0.4667 1.0000 -0.3333 -0.5557 0.0119 -0.2355 180 0 74
-0.4667 1.0000 -0.2000 -0.4722 0.1046 -0.2587 161 0 93
-0.4667 1.0000 -0.0667 -0.3583 0.1554 -0.1106 114 0 140
-0.4667 1.0000 0.0667 -0.2335 0.1554 0.1106 80 0 174
-0.4667 1.0000 0.2000 -0.1196 0.1046 0.2587 80 0 174
-0.4667 1.0000 0.3333 -0.0361 0.0119 0.2355 59 0 195
-0.4667 1.0000 0.4667 0.0025 -0.1067 0.0565 20 0 234
-0.4667 1.0000 0.6000 -0.0106 -0.2308 -0.1599 73 0 181
-0.4667 1.0000 0.7333 -0.0729 -0.3388 -0.2705 125 0 129
-0.4667 1.0000 0.8667 -0.1739 -0.4121 -0.2021 142 0 112
-0.4667 1.0000 1.0000 -0.2959 -0.4381 -0.0000 155 0 99
-0.3333 -1.0000 -1.0000 0.3292 -0.4097 0.0000 154 0 100
-0.3333 -1.0000 -0.8667 0.2072 -0.3838 0.2132 141 0 113
-0.3333 -1.0000 -0.7333 0.1062 -0.3105 0.2853 124 0 130
-0.3333 -1.0000 -0.6000 0.0439 -0.2024 0.1686 68 0 186
-0.3333 -1.0000 -0.4667 0.0308 -0.0784 -0.0596 14 0 240
-0.3333 -1.0000 -0.3333 0.0694 0.0403 -0.2484 66 0 188
-0.3333 -1.0000 -0.2000 0.1529 0.1330 -0.2728 92 0 162
-0.3333 -1.0000 -0.0667 0.2668 0.1837 -0.1167 94 0 160
-0.3333 -1.0000 0.0667 0.3916 0.1837 0.1167 128 0 126
-0.3333 -1.0000 0.2000 0.5055 0.1330 0.2728 175 0 79
-0.3333 -1.0000 0.3333 0.5890 0.0403 0.2484 192 0 62
-0.3333 -1.0000 0.4667 0.6275 -0.0784 0.0596 190 0 64
-0.3333 -1.0000 0.6000 0.6145 -0.2024 -0.1686 201 0 53
-0.3333 -1.0000 0.7333 0.5521 -0.3105 -0.2853 210 0 44
-0.3333 -1.0000 0.8667 0.4512 -0.3838 -0.2132 188 0 66
-0.3333 -1.0000 1.0000 0.3292 -0.4097 -0.0000 154 0 100
-0.3333 -0.8667 -1.0000 0.3659 -0.4407 0.0000 170 0 84
-0.3333 -0.8667 -0.8667 0.2439 -0.4148 0.2414 158 0 96
-0.3333 -0.8667 -0.7333 0.1430 -0.3415 0.3231 143 0 111
-0.3333 -0.8667 -0.6000 0.0806 -0.2334 0.1910 83 0 171
-0.3333 -0.8667 -0.4667 0.0676 -0.1094 -0.0675 28 0 226
-0.3333 -0.8667 -0.3333 0.1061 0.0093 -0.2814 79 0 175
-0.3333 -0.8667 -0.2000 0.1896 0.1020 -0.3090 105 0 149
-0.3333 -0.8667 -0.0667 0.3036 0.1527 -0.1321 101 0 153
-0.3333 -0.8667 0.0667 0.4283 0.1527 0.1321 137 0 117
-0.3333 -0.8667 0.2000 0.5423 0.1020 0.3090 189 0 65
-0.3333 -0.8667 0.3333 0.6257 0.0093 0.2814 207 0 47
-0.3333 -0.8667 0.4667 0.6643 -0.1094 0.0675 204 0 50
-0.3333 -0.8667 0.6000 0.6512 -0.2334 -0.1910 217 0 37
-0.3333 -0.8667 0.7333 0.5889 -0.3415 -0.3231 229 0 25
-0.3333 -0.8667 0.8667 0.4879 -0.4148 -0.2414 206 0 48
-0.3333 -0.8667 1.0000 0.3659 -0.4407 -0.0000 170 0 84
-0.3333 -0.7333 -1.0000 0.3833 -0.4742 0.0000 182 0 72
-0.3333 -0.7333 -0.8667 0.2612 -0.4483 0.2686 173 0 81
-0.3333 -0.7333 -0.7333 0.1603 -0.3749 0.3595 160 0 94
-0.3333 -0.7333 -0.6000 0.0979 -0.2669 0.2125 97 0 157
-0.3333 -0.7333 -0.4667 0.0849 -0.1429 -0.0752 40 0 214
-0.3333 -0.7333 -0.3333 0.1235 -0.0242 -0.3130 92 0 162
-0.3333 -0.7333 -0.2000 0.2069 0.0685 -0.3438 115 0 139
-0.3333 -0.7333 -0.0667 0.3209 0.1192 -0.1470 103 0 151
-0.3333 -0.7333 0.0667 0.4456 0.1192 0.1470 140 0 114
-0.3333 -0.7333 0.2000 0.5596 0.0685 0.3438 198 0 56
-0.3333 -0.7333 0.3333 0.6431 -0.0242 0.3130 217 0 37
-0.3333 -0.7333 0.4667 0.6816 -0.1429 0.0752 212 0 42
-0.3333 -0.7333 0.6000 0.6686 -0.2669 -0.2125 228 0 26
-0.3333 -0.7333 0.7333 0.6062 -0.3749 -0.3595 244 0 10
-0.3333 -0.7333 0.8667 0.5053 -0.4483 -0.2686 221 0 33
-0.3333 -0.7333 1.0000 0.3833 -0.4742 -0.0000 182 0 72
-0.3333 -0.6000 -1.0000 0.3746 -0.5081 0.0000 189 0 65
-0.3333 -0.6000 -0.8667 0.2526 -0.4822 0.2936 185 0 69
-0.3333 -0.6000 -0.7333 0.1516 -0.4088 0.3929 174 0 80
-0.3333 -0.6000 -0.6000 0.0893 -0.3008 0.2322 109 0 145
-0.3333 -0.6000 -0.4667 0.0762 -0.1767 -0.0821 49 0 205
-0.3333 -0.6000 -0.3333 0.1148 -0.0581 -0.3421 101 0 153
-0.3333 -0.6000 -0.2000 0.1982 0.0346 -0.3757 121 0 133
-0.3333 -0.6000 -0.0667 0.3122 0.0853 -0.1607 99 0 155
-0.3333 -0.6000 0.0667 0.4370 0.0853 0.1607 137 0 117
-0.3333 -0.6000 0.2000 0.5509 0.0346 0.3757 201 0 53
-0.3333 -0.6000 0.3333 0.6344 -0.0581 0.3421 219 0 35
-0.3333 -0.6000 0.4667 0.6729 -0.1767 0.0821 212 0 42
-0.3333 -0.6000 0.6000 0.6599 -0.3008 -0.2322 232 0 22
-0.3333 -0.6000 0.7333 0.5975 -0.4088 -0.3929 253 0 1
-0.3333 -0.6000 0.8667 0.4966 -0.4822 -0.2936 229 0 25
-0.3333 -0.6000 1.0000 0.3746 -0.5081 -0.0000 189 0 65
-0.3333 -0.4667 -1.0000 0.3359 -0.5399 0.0000 190 0 64
-0.3333 -0.4667 -0.8667 0.2138 -0.5140 0.3152 192 0 62
-0.3333 -0.4667 -0.7333 0.1129 -0.4406 0.4219 185 0 69
-0.3333 -0.4667 -0.6000 0.0506 -0.3326 0.2493 118 0 136
-0.3333 -0.4667 -0.4667 0.0375 -0.2085 -0.0882 56 0 198
-0.3333 -0.4667 -0.3333 0.0761 -0.0899 -0.3674 108 0 146
-0.3333 -0.4667 -0.2000 0.1595 0.0028 -0.4034 123 0 131
-0.3333 -0.4667 -0.0667 0.2735 0.0535 -0.1725 88 0 166
-0.3333 -0.4667 0.0667 0.3982 0.0535 0.1725 125 0 129
-0.3333 -0.4667 0.2000 0.5122 0.0028 0.4034 196 0 58
-0.3333 -0.4667 0.3333 0.5957 -0.0899 0.3674 213 0 41
-0.3333 -0.4667 0.4667 0.6342 -0.2085 0.0882 203 0 51
-0.3333 -0.4667 0.6000 0.6212 -0.3326 -0.2493 227 0 27
-0.3333 -0.4667 0.7333 0.5588 -0.4406 -0.4219 254 0 0
-0.3333 -0.4667 0.8667 0.4579 -0.5140 -0.3152 231 0 23
-0.3333 -0.4667 1.0000 0.3359 -0.5399 -0.0000 190 0 64
-0.3333 -0.3333 -1.0000 0.2669 -0.5669 0.0000 187 0 67
-0.3333 -0.3333 -0.8667 0.1449 -0.5410 0.3325 195 0 59
-0.3333 -0.3333 -0.7333 0.0440 -0.4677 0.4450 194 0 60
-0.3333 -0.3333 -0.6000 -0.0184 -0.3596 0.2630 127 0 127
-0.3333 -0.3333 -0.4667 -0.0314 -0.2356 -0.0930 64 0 190
-0.3333 -0.3333 -0.3333 0.0071 -0.1169 -0.3875 114 0 140
-0.3333 -0.3333 -0.2000 0.0906 -0.0242 -0.4255 124 0 130
-0.3333 -0.3333 -0.0667 0.2045 0.0265 -0.1820 71 0 183
-0.3333 -0.3333 0.0667 0.3293 0.0265 0.1820 105 0 149
-0.3333 -0.3333 0.2000 0.4432 -0.0242 0.4255 183 0 71
-0.3333 -0.3333 0.3333 0.5267 -0.1169 0.3875 200 0 54
-0.3333 -0.3333 0.4667 0.5653 -0.2356 0.0930 185 0 69
-0.3333 -0.3333 0.6000 0.5522 -0.3596 -0.2630 215 0 39
-0.3333 -0.3333 0.7333 0.4899 -0.4677 -0.4450 248 0 6
-0.3333 -0.3333 0.8667 0.3889 -0.5410 -0.3325 226 0 28
-0.3333 -0.3333 1.0000 0.2669 -0.5669 -0.0000 187 0 67
-0.3333 -0.2000 -1.0000 0.1720 -0.5866 0.0000 182 0 72
-0.3333 -0.2000 -0.8667 0.0499 -0.5606 0.3445 198 0 56
-0.3333 -0.2000 -0.7333 -0.0510 -0.4873 0.4611 203 0 51
-0.3333 -0.2000 -0.6000 -0.1134 -0.3793 0.2725 139 0 115
-0.3333 -0.2000 -0.4667 -0.1264 -0.2552 -0.0964 79 0 175
-0.3333 -0.2000 -0.3333 -0.0879 -0.1366 -0.4015 123 0 131
-0.3333 -0.2000 -0.2000 -0.0044 -0.0439 -0.4409 127 0 127
-0.3333 -0.2000 -0.0667 0.1096 0.0069 -0.1886 52 0 202
-0.3333 -0.2000 0.0667 0.2343 0.0069 0.1886 79 0 175
-0.3333 -0.2000 0.2000 0.3483 -0.0439 0.4409 166 0 88
-0.3333 -0.2000 0.3333 0.4318 -0.1366 0.4015 180 0 74
-0.3333 -0.2000 0.4667 0.4703 -0.2552 0.0964 160 0 94
-0.3333 -0.2000 0.6000 0.4573 -0.3793 -0.2725 196 0 58
-0.3333 -0.2000 0.7333 0.3949 -0.4873 -0.4611 238 0 16
-0.3333 -0.2000 0.8667 0.2940 -0.5606 -0.3445 218 0 36
-0.3333 -0.2000 1.0000 0.1720 -0.5866 -0.0000 182 0 72
-0.3333 -0.0667 -1.0000 0.0594 -0.5970 0.0000 178 0 76
-0.3333 -0.0667 -0.8667 -0.0626 -0.5710 0.3507 203 0 51
-0.3333 -0.0667 -0.7333 -0.1636 -0.4977 0.4693 213 0 41
-0.3333 -0.0667 -0.6000 -0.2259 -0.3897 0.2774 155 0 99
-0.3333 -0.0667 -0.4667 -0.2390 -0.2656 -0.0981 103 0 151
-0.3333 -0.0667 -0.3333 -0.2004 -0.1470 -0.4087 138 0 116
-0.3333 -0.0667 -0.2000 -0.1169 -0.0543 -0.4488 134 0 120
-0.3333 -0.0667 -0.0667 -0.0030 -0.0035 -0.1920 43 0 211
-0.3333 -0.0667 0.0667 0.1218 -0.0035 0.1920 55 0 199
-0.3333 -0.0667 0.2000 0.2357 -0.0543 0.4488 149 0 105
-0.3333 -0.0667 0.3333 0.3192 -0.1470 0.4087 158 0 96
-0.3333 -0.0667 0.4667 0.3577 -0.2656 0.0981 131 0 123
-0.3333 -0.0667 0.6000 0.3447 -0.3897 -0.2774 175 0 79
-0.3333 -0.0667 0.7333 0.2823 -0.4977 -0.4693 225 0 29
-0.3333 -0.0667 0.8667 0.1814 -0.5710 -0.3507 210 0 44
-0.3333 -0.0667 1.0000 0.0594 -0.5970 -0.0000 178 0 76
-0.3333 0.0667 -1.0000 -0.0594 -0.5970 0.0000 178 0 76
-0.3333 0.0667 -0.8667 -0.1814 -0.5710 0.3507 210 0 44
-0.3333 0.0667 -0.7333 -0.2823 -0.4977 0.4693 225 0 29
-0.3333 0.0667 -0.6000 -0.3447 -0.3897 0.2774 175 0 79
-0.3333 0.0667 -0.4667 -0.3577 -0.2656 -0.0981 131 0 123
-0.3333 0.0667 -0.3333 -0.3192 -0.1470 -0.4087 158 0 96
-0.3333 0.0667 -0.2000 -0.2357 -0.0543 -0.4488 149 0 105
-0.3333 0.0667 -0.0667 -0.1218 -0.0035 -0.1920 55 0 199
-0.3333 0.0667 0.0667 0.0030 -0.0035 0.1920 43 0 211
-0.3333 0.0667 0.2000 0.1169 -0.0543 0.4488 134 0 120
-0.3333 0.0667 0.3333 0.2004 -0.1470 0.4087 138 0 116
-0.3333 0.0667 0.4667 0.2390 -0.2656 0.0981 103 0 151
-0.3333 0.0667 0.6000 0.2259 -0.3897 -0.2774 155 0 99
-0.3333 0.0667 0.7333 0.1636 -0.4977 -0.4693 213 0 41
-0.3333 0.0667 0.8667 0.0626 -0.5710 -0.3507 203 0 51
-0.3333 0.0667 1.0000 -0.0594 -0.5970 -0.0000 178 0 76
-0.3333 0.2000 -1.0000 -0.1720 -0.5866 0.0000 182 0 72
-0.3333 0.2000 -0.8667 -0.2940 -0.5606 0.3445 218 0 36
-0.3333 0.2000 -0.7333 -0.3949 -0.4873 0.4611 238 0 16
-0.3333 0.2000 -0.6000 -0.4573 -0.3793 0.2725 196 0 58
-0.3333 0.2000 -0.4667 -0.4703 -0.2552 -0.0964 160 0 94
-0.3333 0.2000 -0.3333 -0.4318 -0.1366 -0.4015 180 0 74
-0.3333 0.2000 -0.2000 -0.3483 -0.0439 -0.4409 166 0 88
-0.3333 0.2000 -0.0667 -0.2343 0.0069 -0.1886 79 0 175
-0.3333 0.2000 0.0667 -0.1096 0.0069 0.1886 52 0 202
-0.3333 0.2000 0.2000 0.0044 -0.0439 0.4409 127 0 127
-0.3333 0.2000 0.3333 0.0879 -0.1366 0.4015 123 0 131
-0.3333 0.2000 0.4667 0.1264 -0.2552 0.0964 79 0 175
-0.3333 0.2000 0.6000 0.1134 -0.3793 -0.2725 139 0 115
-0.3333 0.2000 0.7333 0.0510 -0.4873 -0.4611 203 0 51
-0.3333 0.2000 0.8667 -0.0499 -0.5606 -0.3445 198 0 56
-0.3333 0.2000 1.0000 -0.1720 -0.5866 -0.0000 182 0 72
-0.3333 0.3333 -1.0000 -0.2669 -0.5669 0.0000 187 0 67
-0.3333 0.3333 -0.8667 -0.3889 -0.5410 0.3325 226 0 28
-0.3333 0.3333 -0.7333 -0.4899 -0.4677 0.4450 248 0 6
-0.3333 0.3333 -0.6000 -0.5522 -0.3596 0.2630 215 0 39
-0.3333 0.3333 -0.4667 -0.5653 -0.2356 -0.0930 185 0 69
-0.3333 0.3333 -0.3333 -0.5267 -0.1169 -0.3875 200 0 54
-0.3333 0.3333 -0.2000 -0.4432 -0.0242 -0.4255 183 0 71
-0.3333 0.3333 -0.0667 -0.3293 0.0265 -0.1820 105 0 149
-0.3333 0.3333 0.0667 -0.2045 0.0265 0.1820 71 0 183
-0.3333 0.3333 0.2000 -0.0906 -0.0242 0.4255 124 0 130
-0.3333 0.3333 0.3333 -0.0071 -0.1169 0.3875 114 0 140
-0.3333 0.3333 0.4667 0.0314 -0.2356 0.0930 64 0 190
-0.3333 0.3333 0.6000 0.0184 -0.3596 -0.2630 127 0 127
-0.3333 0.3333 0.7333 -0.0440 -0.4677 -0.4450 194 0 60
-0.3333 0.3333 0.8667 -0.1449 -0.5410 -0.3325 195 0 59
-0.3333 0.3333 1.0000 -0.2669 -0.5669 -0.0000 187 0 67
-0.3333 0.4667 -1.0000 -0.3359 -0.5399 0.0000 190 0 64
-0.3333 0.4667 -0.8667 -0.4579 -0.5140 0.3152 231 0 23
-0.3333 0.4667 -0.7333 -0.5588 -0.4406 0.4219 254 0 0
-0.3333 0.4667 -0.6000 -0.6212 -0.3326 0.2493 227 0 27
-0.3333 0.4667 -0.4667 -0.6342 -0.2085 -0.0882 203 0 51
-0.3333 0.4667 -0.3333 -0.5957 -0.0899 -0.3674 213 0 41
-0.3333 0.4667 -0.2000 -0.5122 0.0028 -0.4034 196 0 58
-0.3333 0.4667 -0.0667 -0.3982 0.0535 -0.1725 125 0 129
-0.3333 0.4667 0.0667 -0.2735 0.0535 0.1725 88 0 166
-0.3333 0.4667 0.2000 -0.1595 0.0028 0.4034 123 0 131
-0.3333 0.4667 0.3333 -0.0761 -0.0899 0.3674 108 0 146
-0.3333 0.4667 0.4667 -0.0375 -0.2085 0.0882 56 0 198
-0.3333 0.4667 0.6000 -0.0506 -0.3326 -0.2493 118 0 136
-0.3333 0.4667 0.7333 -0.1129 -0.4406 -0.4219 185 0 69
-0.3333 0.4667 0.8667 -0.2138 -0.5140 -0.3152 192 0 62
-0.3333 0.4667 1.0000 -0.3359 -0.5399 -0.0000 190 0 64
-0.3333 0.6000 -1.0000 -0.3746 -0.5081 0.0000 189 0 65
-0.3333 0.6000 -0.8667 -0.4966 -0.4822 0.2936 229 0 25
-0.3333 0.6000 -0.7333 -0.5975 -0.4088 0.3929 253 0 1
-0.3333 0.6000 -0.6000 -0.6599 -0.3008 0.2322 232 0 22
-0.3333 0.6000 -0.4667 -0.6729 -0.1767 -0.0821 212 0 42
-0.3333 0.6000 -0.3333 -0.6344 -0.0581 -0.3421 219 0 35
-0.3333 0.6000 -0.2000 -0.5509 0.0346 -0.3757 201 0 53
-0.3333 0.6000 -0.0667 -0.4370 0.0853 -0.1607 137 0 117
-0.3333 0.6000 0.0667 -0.3122 0.0853 0.1607 99 0 155
-0.3333 0.6000 0.2000 -0.1982 0.0346 0.3757 121 0 133
-0.3333 0.6000 0.3333 -0.1148 -0.0581 0.3421 101 0 153
-0.3333 0.6000 0.4667 -0.0762 -0.1767 0.0821 49 0 205
-0.3333 0.6000 0.6000 -0.0893 -0.3008 -0.2322 109 0 145
-0.3333 0.6000 0.7333 -0.1516 -0.4088 -0.3929 174 0 80
-0.3333 0.6000 0.8667 -0.2526 -0.4822 -0.2936 185 0 69
-0.3333 0.6000 1.0000 -0.3746 -0.5081 -0.0000 189 0 65
-0.3333 0.7333 -1.0000 -0.3833 -0.4742 0.0000 182 0 72
-0.3333 0.7333 -0.8667 -0.5053 -0.4483 0.2686 221 0 33
-0.3333 0.7333 -0.7333 -0.6062 -0.3749 0.3595 244 0 10
-0.3333 0.7333 -0.6000 -0.6686 -0.2669 0.2125 228 0 26
-0.3333 0.7333 -0.4667 -0.6816 -0.1429 -0.0752 212 0 42
-0.3333 0.7333 -0.3333 -0.6431 -0.0242 -0.3130 217 0 37
-0.3333 0.7333 -0.2000 -0.5596 0.0685 -0.3438 198 0 56
-0.3333 0.7333 -0.0667 -0.4456 0.1192 -0.1470 140 0 114
-0.3333 0.7333 0.0667 -0.3209 0.1192 0.1470 103 0 151
-0.3333 0.7333 0.2000 -0.2069 0.0685 0.3438 115 0 139
-0.3333 0.7333 0.3333 -0.1235 -0.0242 0.3130 92 0 162
-0.3333 0.7333 0.4667 -0.0849 -0.1429 0.0752 40 0 214
-0.3333 0.7333 0.6000 -0.0979 -0.2669 -0.2125 97 0 157
-0.3333 0.7333 0.7333 -0.1603 -0.3749 -0.3595 160 0 94
-0.3333 0.7333 0.8667 -0.2612 -0.4483 -0.2686 173 0 81
-0.3333 0.7333 1.0000 -0.3833 -0.4742 -0.0000 182 0 72
-0.3333 0.8667 -1.0000 -0.3659 -0.4407 0.0000 170 0 84
-0.3333 0.8667 -0.8667 -0.4879 -0.4148 0.2414 206 0 48
-0.3333 0.8667 -0.7333 -0.5889 -0.3415 0.3231 229 0 25
-0.3333 0.8667 -0.6000 -0.6512 -0.2334 0.1910 217 0 37
-0.3333 0.8667 -0.4667 -0.6643 -0.1094 -0.0675 204 0 50
-0.3333 0.8667 -0.3333 -0.6257 0.0093 -0.2814 207 0 47
-0.3333 0.8667 -0.2000 -0.5423 0.1020 -0.3090 189 0 65
-0.3333 0.8667 -0.0667 -0.4283 0.1527 -0.1321 137 0 117
-0.3333 0.8667 0.0667 -0.3036 0.1527 0.1321 101 0 153
-0.3333 0.8667 0.2000 -0.1896 0.1020 0.3090 105 0 149
-0.3333 0.8667 0.3333 -0.1061 0.0093 0.2814 79 0 175
-0.3333 0.8667 0.4667 -0.0676 -0.1094 0.0675 28 0 226
-0.3333 0.8667 0.6000 -0.0806 -0.2334 -0.1910 83 0 171
-0.3333 0.8667 0.7333 -0.1430 -0.3415 -0.3231 143 0 111
-0.3333 0.8667 0.8667 -0.2439 -0.4148 -0.2414 158 0 96
-0.3333 0.8667 1.0000 -0.3659 -0.4407 -0.0000 170 0 84
-0.3333 1.0000 -1.0000 -0.3292 -0.4097 0.0000 154 0 100
-0.3333 1.0000 -0.8667 -0.4512 -0.3838 0.2132 188 0 66
-0.3333 1.0000 -0.7333 -0.5521 -0.3105 0.2853 210 0 44
-0.3333 1.0000 -0.6000 -0.6145 -0.2024 0.1686 201 0 53
-0.3333 1.0000 -0.4667 -0.6275 -0.0784 -0.0596 190 0 64
-0.3333 1.0000 -0.3333 -0.5890 0.0403 -0.2484 192 0 62
-0.3333 1.0000 -0.2000 -0.5055 0.1330 -0.2728 175 0 79
-0.3333 1.0000 -0.0667 -0.3916 0.1837 -0.1167 128 0 126
-0.3333 1.0000 0.0667 -0.2668 0.1837 0.1167 94 0 160
-0.3333 1.0000 0.2000 -0.1529 0.1330 0.2728 92 0 162
-0.3333 1.0000 0.3333 -0.0694 0.0403 0.2484 66 0 188
-0.3333 1.0000 0.4667 -0.0308 -0.0784 0.0596 14 0 240
-0.3333 1.0000 0.6000 -0.0439 -0.2024 -0.1686 68 0 186
-0.3333 1.0000 0.7333 -0.1062 -0.3105 -0.2853 124 0 130
-0.3333 1.0000 0.8667 -0.2072 -0.3838 -0.2132 141 0 113
-0.3333 1.0000 1.0000 -0.3292 -0.4097 -0.0000 154 0 100
-0.2000 -1.0000 -1.0000 0.3535 -0.3707 0.0000 149 0 105
-0.2000 -1.0000 -0.8667 0.2314 -0.3448 0.2209 136 0 118
-0.2000 -1.0000 -0.7333 0.1305 -0.2714 0.2956 120 0 134
-0.2000 -1.0000 -0.6000 0.0681 -0.1634 0.1747 62 0 192
-0.2000 -1.0000 -0.4667 0.0551 -0.0393 -0.0618 10 0 244
-0.2000 -1.0000 -0.3333 0.0936 0.0793 -0.2574 74 0 180
-0.2000 -1.0000 -0.2000 0.1771 0.1720 -0.2827 104 0 150
-0.2000 -1.0000 -0.0667 0.2911 0.2228 -0.1209 108 0 146
-0.2000 -1.0000 0.0667 0.4158 0.2228 0.1209 141 0 113
-0.2000 -1.0000 0.2000 0.5298 0.1720 0.2827 187 0 67
-0.2000 -1.0000 0.3333 0.6133 0.0793 0.2574 202 0 52
-0.2000 -1.0000 0.4667 0.6518 -0.0393 0.0618 197 0 57
-0.2000 -1.0000 0.6000 0.6388 -0.1634 -0.1747 206 0 48
-0.2000 -1.0000 0.7333 0.5764 -0.2714 -0.2956 212 0 42
-0.2000 -1.0000 0.8667 0.4755 -0.3448 -0.2209 188 0 66
-0.2000 -1.0000 1.0000 0.3535 -0.3707 -0.0000 149 0 105
-0.2000 -0.8667 -1.0000 0.3929 -0.3907 0.0000 163 0 91
-0.2000 -0.8667 -0.8667 0.2709 -0.3647 0.2502 152 0 102
-0.2000 -0.8667 -0.7333 0.1700 -0.2914 0.3348 137 0 117
-0.2000 -0.8667 -0.6000 0.1076 -0.1834 0.1979 76 0 178
-0.2000 -0.8667 -0.4667 0.0945 -0.0593 -0.0700 23 0 231
-0.2000 -0.8667 -0.3333 0.1331 0.0593 -0.2915 88 0 166
-0.2000 -0.8667 -0.2000 0.2166 0.1520 -0.3202 117 0 137
-0.2000 -0.8667 -0.0667 0.3305 0.2028 -0.1369 116 0 138
-0.2000 -0.8667 0.0667 0.4553 0.2028 0.1369 151 0 103
-0.2000 -0.8667 0.2000 0.5692 0.1520 0.3202 202 0 52
-0.2000 -0.8667 0.3333 0.6527 0.0593 0.2915 217 0 37
-0.2000 -0.8667 0.4667 0.6913 -0.0593 0.0700 211 0 43
-0.2000 -0.8667 0.6000 0.6782 -0.1834 -0.1979 222 0 32
-0.2000 -0.8667 0.7333 0.6158 -0.2914 -0.3348 231 0 23
-0.2000 -0.8667 0.8667 0.5149 -0.3647 -0.2502 205 0 49
-0.2000 -0.8667 1.0000 0.3929 -0.3907 -0.0000 163 0 91
-0.2000 -0.7333 -1.0000 0.4115 -0.4122 0.0000 173 0 81
-0.2000 -0.7333 -0.8667 0.2895 -0.3863 0.2783 164 0 90
-0.2000 -0.7333 -0.7333 0.1886 -0.3130 0.3725 153 0 101
-0.2000 -0.7333 -0.6000 0.1262 -0.2049 0.2202 88 0 166
-0.2000 -0.7333 -0.4667 0.1131 -0.0809 -0.0779 33 0 221
-0.2000 -0.7333 -0.3333 0.1517 0.0378 -0.3244 99 0 155
-0.2000 -0.7333 -0.2000 0.2352 0.1305 -0.3562 128 0 126
-0.2000 -0.7333 -0.0667 0.3491 0.1812 -0.1523 120 0 134
-0.2000 -0.7333 0.0667 0.4739 0.1812 0.1523 155 0 99
-0.2000 -0.7333 0.2000 0.5878 0.1305 0.3562 211 0 43
-0.2000 -0.7333 0.3333 0.6713 0.0378 0.3244 227 0 27
-0.2000 -0.7333 0.4667 0.7099 -0.0809 0.0779 218 0 36
-0.2000 -0.7333 0.6000 0.6968 -0.2049 -0.2202 231 0 23
-0.2000 -0.7333 0.7333 0.6344 -0.3130 -0.3725 245 0 9
-0.2000 -0.7333 0.8667 0.5335 -0.3863 -0.2783 217 0 37
-0.2000 -0.7333 1.0000 0.4115 -0.4122 -0.0000 173 0 81
-0.2000 -0.6000 -1.0000 0.4022 -0.4341 0.0000 176 0 78
-0.2000 -0.6000 -0.8667 0.2802 -0.4081 0.3042 172 0 82
-0.2000 -0.6000 -0.7333 0.1792 -0.3348 0.4071 164 0 90
-0.2000 -0.6000 -0.6000 0.1169 -0.2268 0.2406 96 0 158
-0.2000 -0.6000 -0.4667 0.1038 -0.1027 -0.0851 36 0 218
-0.2000 -0.6000 -0.3333 0.1424 0.0159 -0.3545 106 0 148
-0.2000 -0.6000 -0.2000 0.2259 0.1086 -0.3893 133 0 121
-0.2000 -0.6000 -0.0667 0.3398 0.1594 -0.1665 116 0 138
-0.2000 -0.6000 0.0667 0.4646 0.1594 0.1665 152 0 102
-0.2000 -0.6000 0.2000 0.5785 0.1086 0.3893 214 0 40
-0.2000 -0.6000 0.3333 0.6620 0.0159 0.3545 229 0 25
-0.2000 -0.6000 0.4667 0.7005 -0.1027 0.0851 216 0 38
-0.2000 -0.6000 0.6000 0.6875 -0.2268 -0.2406 232 0 22
-0.2000 -0.6000 0.7333 0.6251 -0.3348 -0.4071 251 0 3
-0.2000 -0.6000 0.8667 0.5242 -0.4081 -0.3042 222 0 32
-0.2000 -0.6000 1.0000 0.4022 -0.4341 -0.0000 176 0 78
-0.2000 -0.4667 -1.0000 0.3606 -0.4546 0.0000 172 0 82
-0.2000 -0.4667 -0.8667 0.2386 -0.4286 0.3266 175 0 79
-0.2000 -0.4667 -0.7333 0.1377 -0.3553 0.4371 172 0 82
-0.2000 -0.4667 -0.6000 0.0753 -0.2473 0.2584 101 0 153
-0.2000 -0.4667 -0.4667 0.0623 -0.1232 -0.0914 35 0 219
-0.2000 -0.4667 -0.3333 0.1008 -0.0046 -0.3806 110 0 144
-0.2000 -0.4667 -0.2000 0.1843 0.0882 -0.4180 134 0 120
-0.2000 -0.4667 -0.0667 0.2983 0.1389 -0.1788 104 0 150
-0.2000 -0.4667 0.0667 0.4230 0.1389 0.1788 139 0 115
-0.2000 -0.4667 0.2000 0.5370 0.0882 0.4180 207 0 47
-0.2000 -0.4667 0.3333 0.6204 -0.0046 0.3806 221 0 33
-0.2000 -0.4667 0.4667 0.6590 -0.1232 0.0914 204 0 50
-0.2000 -0.4667 0.6000 0.6459 -0.2473 -0.2584 224 0 30
-0.2000 -0.4667 0.7333 0.5836 -0.3553 -0.4371 248 0 6
-0.2000 -0.4667 0.8667 0.4826 -0.4286 -0.3266 219 0 35
-0.2000 -0.4667 1.0000 0.3606 -0.4546 -0.0000 172 0 82
-0.2000 -0.3333 -1.0000 0.2866 -0.4720 0.0000 163 0 91
-0.2000 -0.3333 -0.8667 0.1646 -0.4460 0.3445 174 0 80
-0.2000 -0.3333 -0.7333 0.0636 -0.3727 0.4611 177 0 77
-0.2000 -0.3333 -0.6000 0.0013 -0.2647 0.2725 106 0 148
-0.2000 -0.3333 -0.4667 -0.0118 -0.1406 -0.0964 36 0 218
-0.2000 -0.3333 -0.3333 0.0268 -0.0220 -0.4015 113 0 141
-0.2000 -0.3333 -0.2000 0.1102 0.0708 -0.4409 132 0 122
-0.2000 -0.3333 -0.0667 0.2242 0.1215 -0.1886 85 0 169
-0.2000 -0.3333 0.0667 0.3490 0.1215 0.1886 117 0 137
-0.2000 -0.3333 0.2000 0.4629 0.0708 0.4409 193 0 61
-0.2000 -0.3333 0.3333 0.5464 -0.0220 0.4015 204 0 50
-0.2000 -0.3333 0.4667 0.5849 -0.1406 0.0964 182 0 72
-0.2000 -0.3333 0.6000 0.5719 -0.2647 -0.2725 207 0 47
-0.2000 -0.3333 0.7333 0.5095 -0.3727 -0.4611 239 0 15
-0.2000 -0.3333 0.8667 0.4086 -0.4460 -0.3445 210 0 44
-0.2000 -0.3333 1.0000 0.2866 -0.4720 -0.0000 163 0 91
-0.2000 -0.2000 -1.0000 0.1846 -0.4846 0.0000 152 0 102
-0.2000 -0.2000 -0.8667 0.0626 -0.4587 0.3570 173 0 81
-0.2000 -0.2000 -0.7333 -0.0383 -0.3854 0.4778 183 0 71
-0.2000 -0.2000 -0.6000 -0.1007 -0.2773 0.2824 115 0 139
-0.2000 -0.2000 -0.4667 -0.1137 -0.1533 -0.0999 51 0 203
-0.2000 -0.2000 -0.3333 -0.0752 -0.0346 -0.4160 120 0 134
-0.2000 -0.2000 -0.2000 0.0083 0.0581 -0.4569 132 0 122
-0.2000 -0.2000 -0.0667 0.1222 0.1088 -0.1954 64 0 190
-0.2000 -0.2000 0.0667 0.2470 0.1088 0.1954 90 0 164
-0.2000 -0.2000 0.2000 0.3610 0.0581 0.4569 174 0 80
-0.2000 -0.2000 0.3333 0.4444 -0.0346 0.4160 182 0 72
-0.2000 -0.2000 0.4667 0.4830 -0.1533 0.0999 151 0 103
-0.2000 -0.2000 0.6000 0.4699 -0.2773 -0.2824 183 0 71
-0.2000 -0.2000 0.7333 0.4076 -0.3854 -0.4778 224 0 30
-0.2000 -0.2000 0.8667 0.3066 -0.4587 -0.3570 197 0 57
-0.2000 -0.2000 1.0000 0.1846 -0.4846 -0.0000 152 0 102
-0.2000 -0.0667 -1.0000 0.0638 -0.4913 0.0000 144 0 110
-0.2000 -0.0667 -0.8667 -0.0583 -0.4654 0.3634 176 0 78
-0.2000 -0.0667 -0.7333 -0.1592 -0.3920 0.4863 193 0 61
-0.2000 -0.0667 -0.6000 -0.2215 -0.2840 0.2874 132 0 122
-0.2000 -0.0667 -0.4667 -0.2346 -0.1599 -0.1017 80 0 174
-0.2000 -0.0667 -0.3333 -0.1960 -0.0413 -0.4235 135 0 119
-0.2000 -0.0667 -0.2000 -0.1126 0.0514 -0.4651 139 0 115
-0.2000 -0.0667 -0.0667 0.0014 0.1021 -0.1989 54 0 200
-0.2000 -0.0667 0.0667 0.1261 0.1021 0.1989 65 0 189
-0.2000 -0.0667 0.2000 0.2401 0.0514 0.4651 154 0 100
-0.2000 -0.0667 0.3333 0.3236 -0.0413 0.4235 157 0 97
-0.2000 -0.0667 0.4667 0.3621 -0.1599 0.1017 115 0 139
-0.2000 -0.0667 0.6000 0.3491 -0.2840 -0.2874 157 0 97
-0.2000 -0.0667 0.7333 0.2867 -0.3920 -0.4863 207 0 47
-0.2000 -0.0667 0.8667 0.1858 -0.4654 -0.3634 185 0 69
-0.2000 -0.0667 1.0000 0.0638 -0.4913 -0.0000 144 0 110
-0.2000 0.0667 -1.0000 -0.0638 -0.4913 0.0000 144 0 110
-0.2000 0.0667 -0.8667 -0.1858 -0.4654 0.3634 185 0 69
-0.2000 0.0667 -0.7333 -0.2867 -0.3920 0.4863 207 0 47
-0.2000 0.0667 -0.6000 -0.3491 -0.2840 0.2874 157 0 97
-0.2000 0.0667 -0.4667 -0.3621 -0.1599 -0.1017 115 0 139
-0.2000 0.0667 -0.3333 -0.3236 -0.0413 -0.4235 157 0 97
-0.2000 0.0667 -0.2000 -0.2401 0.0514 -0.4651 154 0 100
-0.2000 0.0667 -0.0667 -0.1261 0.1021 -0.1989 65 0 189
-0.2000 0.0667 0.0667 -0.0014 0.1021 0.1989 54 0 200
-0.2000 0.0667 0.2000 0.1126 0.0514 0.4651 139 0 115
-0.2000 0.0667 0.3333 0.1960 -0.0413 0.4235 135 0 119
-0.2000 0.0667 0.4667 0.2346 -0.1599 0.1017 80 0 174
-0.2000 0.0667 0.6000 0.2215 -0.2840 -0.2874 132 0 122
-0.2000 0.0667 0.7333 0.1592 -0.3920 -0.4863 193 0 61
-0.2000 0.0667 0.8667 0.0583 -0.4654 -0.3634 176 0 78
-0.2000 0.0667 1.0000 -0.0638 -0.4913 -0.0000 144 0 110
-0.2000 0.2000 -1.0000 -0.1846 -0.4846 0.0000 152 0 102
-0.2000 0.2000 -0.8667 -0.3066 -0.4587 0.3570 197 0 57
-0.2000 0.2000 -0.7333 -0.4076 -0.3854 0.4778 224 0 30
-0.2000 0.2000 -0.6000 -0.4699 -0.2773 0.2824 183 0 71
-0.2000 0.2000 -0.4667 -0.4830 -0.1533 -0.0999 151 0 103
-0.2000 0.2000 -0.3333 -0.4444 -0.0346 -0.4160 182 0 72
-0.2000 0.2000 -0.2000 -0.3610 0.0581 -0.4569 174 0 80
-0.2000 0.2000 -0.0667 -0.2470 0.1088 -0.1954 90 0 164
-0.2000 0.2000 0.0667 -0.1222 0.1088 0.1954 64 0 190
-0.2000 0.2000 0.2000 -0.0083 0.0581 0.4569 132 0 122
-0.2000 0.2000 0.3333 0.0752 -0.0346 0.4160 120 0 134
-0.2000 0.2000 0.4667 0.1137 -0.1533 0.0999 51 0 203
-0.2000 0.2000 0.6000 0.1007 -0.2773 -0.2824 115 0 139
-0.2000 0.2000 0.7333 0.0383 -0.3854 -0.4778 183 0 71
-0.2000 0.2000 0.8667 -0.0626 -0.4587 -0.3570 173 0 81
-0.2000 0.2000 1.0000 -0.1846 -0.4846 -0.0000 152 0 102
-0.2000 0.3333 -1.0000 -0.2866 -0.4720 0.0000 163 0 91
-0.2000 0.3333 -0.8667 -0.4086 -0.4460 0.3445 210 0 44
-0.2000 0.3333 -0.7333 -0.5095 -0.3727 0.4611 239 0 15
-0.2000 0.3333 -0.6000 -0.5719 -0.2647 0.2725 207 0 47
-0.2000 0.3333 -0.4667 -0.5849 -0.1406 -0.0964 182 0 72
-0.2000 0.3333 -0.3333 -0.5464 -0.0220 -0.4015 204 0 50
-0.2000 0.3333 -0.2000 -0.4629 0.0708 -0.4409 193 0 61
-0.2000 0.3333 -0.0667 -0.3490 0.1215 -0.1886 117 0 137
-0.2000 0.3333 0.0667 -0.2242 0.1215 0.1886 85 0 169
-0.2000 0.3333 0.2000 -0.1102 0.0708 0.4409 132 0 122
-0.2000 0.3333 0.3333 -0.0268 -0.0220 0.4015 113 0 141
-0.2000 0.3333 0.4667 0.0118 -0.1406 0.0964 36 0 218
-0.2000 0.3333 0.6000 -0.0013 -0.2647 -0.2725 106 0 148
-0.2000 0.3333 0.7333 -0.0636 -0.3727 -0.4611 177 0 77
-0.2000 0.3333 0.8667 -0.1646 -0.4460 -0.3445 174 0 80
-0.2000 0.3333 1.0000 -0.2866 -0.4720 -0.0000 163 0 91
-0.2000 0.4667 -1.0000 -0.3606 -0.4546 0.0000 172 0 82
-0.2000 0.4667 -0.8667 -0.4826 -0.4286 0.3266 219 0 35
-0.2000 0.4667 -0.7333 -0.5836 -0.3553 0.4371 248 0 6
-0.2000 0.4667 -0.6000 -0.6459 -0.2473 0.2584 224 0 30
-0.2000 0.4667 -0.4667 -0.6590 -0.1232 -0.0914 204 0 50
-0.2000 0.4667 -0.3333 -0.6204 -0.0046 -0.3806 221 0 33
-0.2000 0.4667 -0.2000 -0.5370 0.0882 -0.4180 207 0 47
-0.2000 0.4667 -0.0667 -0.4230 0.1389 -0.1788 139 0 115
-0.2000 0.4667 0.0667 -0.2983 0.1389 0.1788 104 0 150
-0.2000 0.4667 0.2000 -0.1843 0.0882 0.4180 134 0 120
-0.2000 0.4667 0.3333 -0.1008 -0.0046 0.3806 110 0 144
-0.2000 0.4667 0.4667 -0.0623 -0.1232 0.0914 35 0 219
-0.2000 0.4667 0.6000 -0.0753 -0.2473 -0.2584 101 0 153
-0.2000 0.4667 0.7333 -0.1377 -0.3553 -0.4371 172 0 82
-0.2000 0.4667 0.8667 -0.2386 -0.4286 -0.3266 175 0 79
-0.2000 0.4667 1.0000 -0.3606 -0.4546 -0.0000 172 0 82
-0.2000 0.6000 -1.0000 -0.4022 -0.4341 0.0000 176 0 78
-0.2000 0.6000 -0.8667 -0.5242 -0.4081 0.3042 222 0 32
-0.2000 0.6000 -0.7333 -0.6251 -0.3348 0.4071 251 0 3
-0.2000 0.6000 -0.6000 -0.6875 -0.2268 0.2406 232 0 22
-0.2000 0.6000 -0.4667 -0.7005 -0.1027 -0.0851 216 0 38
-0.2000 0.6000 -0.3333 -0.6620 0.0159 -0.3545 229 0 25
-0.2000 0.6000 -0.2000 -0.5785 0.1086 -0.3893 214 0 40
-0.2000 0.6000 -0.0667 -0.4646 0.1594 -0.1665 152 0 102
-0.2000 0.6000 0.0667 -0.3398 0.1594 0.1665 116 0 138
-0.2000 0.6000 0.2000 -0.2259 0.1086 0.3893 133 0 121
-0.2000 0.6000 0.3333 -0.1424 0.0159 0.3545 106 0 148
-0.2000 0.6000 0.4667 -0.1038 -0.1027 0.0851 36 0 218
-0.2000 0.6000 0.6000 -0.1169 -0.2268 -0.2406 96 0 158
-0.2000 0.6000 0.7333 -0.1792 -0.3348 -0.4071 164 0 90
-0.2000 0.6000 0.8667 -0.2802 -0.4081 -0.3042 172 0 82
-0.2000 0.6000 1.0000 -0.4022 -0.4341 -0.0000 176 0 78
-0.2000 0.7333 -1.0000 -0.4115 -0.4122 0.0000 173 0 81
-0.2000 0.7333 -0.8667 -0.5335 -0.3863 0.2783 217 0 37
-0.2000 0.7333 -0.7333 -0.6344 -0.3130 0.3725 245 0 9
-0.2000 0.7333 -0.6000 -0.6968 -0.2049 0.2202 231 0 23
-0.2000 0.7333 -0.4667 -0.7099 -0.0809 -0.0779 218 0 36
-0.2000 0.7333 -0.3333 -0.6713 0.0378 -0.3244 227 0 27
-0.2000 0.7333 -0.2000 -0.5878 0.1305 -0.3562 211 0 43
-0.2000 0.7333 -0.0667 -0.4739 0.1812 -0.1523 155 0 99
-0.2000 0.7333 0.0667 -0.3491 0.1812 0.1523 120 0 134
-0.2000 0.7333 0.2000 -0.2352 0.1305 0.3562 128 0 126
-0.2000 0.7333 0.3333 -0.1517 0.0378 0.3244 99 0 155
-0.2000 0.7333 0.4667 -0.1131 -0.0809 0.0779 33 0 221
-0.2000 0.7333 0.6000 -0.1262 -0.2049 -0.2202 88 0 166
-0.2000 0.7333 0.7333 -0.1886 -0.3130 -0.3725 153 0 101
-0.2000 0.7333 0.8667 -0.2895 -0.3863 -0.2783 164 0 90
-0.2000 0.7333 1.0000 -0.4115 -0.4122 -0.0000 173 0 81
-0.2000 0.8667 -1.0000 -0.3929 -0.3907 0.0000 163 0 91
-0.2000 0.8667 -0.8667 -0.5149 -0.3647 0.2502 205 0 49
-0.2000 0.8667 -0.7333 -0.6158 -0.2914 0.3348 231 0 23
-0.2000 0.8667 -0.6000 -0.6782 -0.1834 0.1979 222 0 32
-0.2000 0.8667 -0.4667 -0.6913 -0.0593 -0.0700 211 0 43
-0.2000 0.8667 -0.3333 -0.6527 0.0593 -0.2915 217 0 37
-0.2000 0.8667 -0.2000 -0.5692 0.1520 -0.3202 202 0 52
-0.2000 0.8667 -0.0667 -0.4553 0.2028 -0.1369 151 0 103
-0.2000 0.8667 0.0667 -0.3305 0.2028 0.1369 116 0 138
-0.2000 0.8667 0.2000 -0.2166 0.1520 0.3202 117 0 137
-0.2000 0.8667 0.3333 -0.1331 0.0593 0.2915 88 0 166
-0.2000 0.8667 0.4667 -0.0945 -0.0593 0.0700 23 0 231
-0.2000 0.8667 0.6000 -0.1076 -0.1834 -0.1979 76 0 178
-0.2000 0.8667 0.7333 -0.1700 -0.2914 -0.3348 137 0 117
-0.2000 0.8667 0.8667 -0.2709 -0.3647 -0.2502 152 0 102
-0.2000 0.8667 1.0000 -0.3929 -0.3907 -0.0000 163 0 91
-0.2000 1.0000 -1.0000 -0.3535 -0.3707 0.0000 149 0 105
-0.2000 1.0000 -0.8667 -0.4755 -0.3448 0.2209 188 0 66
-0.2000 1.0000 -0.7333 -0.5764 -0.2714 0.2956 212 0 42
-0.2000 1.0000 -0.6000 -0.6388 -0.1634 0.1747 206 0 48
-0.2000 1.0000 -0.4667 -0.6518 -0.0393 -0.0618 197 0 57
-0.2000 1.0000 -0.3333 -0.6133 0.0793 -0.2574 202 0 52
-0.2000 1.0000 -0.2000 -0.5298 0.1720 -0.2827 187 0 67
-0.2000 1.0000 -0.0667 -0.4158 0.2228 -0.1209 141 0 113
-0.2000 1.0000 0.0667 -0.2911 0.2228 0.1209 108 0 146
-0.2000 1.0000 0.2000 -0.1771 0.1720 0.2827 104 0 150
-0.2000 1.0000 0.3333 -0.0936 0.0793 0.2574 74 0 180
-0.2000 1.0000 0.4667 -0.0551 -0.0393 0.0618 10 0 244
-0.2000 1.0000 0.6000 -0.0681 -0.1634 -0.1747 62 0 192
-0.2000 1.0000 0.7333 -0.1305 -0.2714 -0.2956 120 0 134
-0.2000 1.0000 0.8667 -0.2314 -0.3448 -0.2209 136 0 118
-0.2000 1.0000 1.0000 -0.3535 -0.3707 -0.0000 149 0 105
-0.0667 -1.0000 -1.0000 0.3662 -0.3244 0.0000 142 0 112
-0.0667 -1.0000 -0.8667 0.2442 -0.2985 0.2249 128 0 126
-0.0667 -1.0000 -0.7333 0.1433 -0.2252 0.3009 113 0 141
-0.0667 -1.0000 -0.6000 0.0809 -0.1171 0.1779 55 0 199
-0.0667 -1.0000 -0.4667 0.0679 0.0069 -0.0629 11 0 243
-0.0667 -1.0000 -0.3333 0.1064 0.1256 -0.2621 82 0 172
-0.0667 -1.0000 -0.2000 0.1899 0.2183 -0.2878 115 0 139
-0.0667 -1.0000 -0.0667 0.3039 0.2690 -0.1231 120 0 134
-0.0667 -1.0000 0.0667 0.4286 0.2690 0.1231 152 0 102
-0.0667 -1.0000 0.2000 0.5426 0.2183 0.2878 196 0 58
-0.0667 -1.0000 0.3333 0.6261 0.1256 0.2621 208 0 46
-0.0667 -1.0000 0.4667 0.6646 0.0069 0.0629 201 0 53
-0.0667 -1.0000 0.6000 0.6516 -0.1171 -0.1779 207 0 47
-0.0667 -1.0000 0.7333 0.5892 -0.2252 -0.3009 211 0 43
-0.0667 -1.0000 0.8667 0.4883 -0.2985 -0.2249 183 0 71
-0.0667 -1.0000 1.0000 0.3662 -0.3244 -0.0000 142 0 112
-0.0667 -0.8667 -1.0000 0.4071 -0.3313 0.0000 154 0 100
-0.0667 -0.8667 -0.8667 0.2851 -0.3054 0.2547 142 0 112
-0.0667 -0.8667 -0.7333 0.1842 -0.2321 0.3408 129 0 125
-0.0667 -0.8667 -0.6000 0.1218 -0.1240 0.2014 68 0 186
-0.0667 -0.8667 -0.4667 0.1088 0.0000 -0.0712 23 0 231
-0.0667 -0.8667 -0.3333 0.1473 0.1187 -0.2968 96 0 158
-0.0667 -0.8667 -0.2000 0.2308 0.2114 -0.3259 129 0 125
-0.0667 -0.8667 -0.0667 0.3447 0.2621 -0.1394 130 0 124
-0.0667 -0.8667 0.0667 0.4695 0.2621 0.1394 164 0 90
-0.0667 -0.8667 0.2000 0.5835 0.2114 0.3259 212 0 42
-0.0667 -0.8667 0.3333 0.6669 0.1187 0.2968 225 0 29
-0.0667 -0.8667 0.4667 0.7055 0.0000 0.0712 215 0 39
-0.0667 -0.8667 0.6000 0.6924 -0.1240 -0.2014 222 0 32
-0.0667 -0.8667 0.7333 0.6301 -0.2321 -0.3408 229 0 25
-0.0667 -0.8667 0.8667 0.5291 -0.3054 -0.2547 199 0 55
-0.0667 -0.8667 1.0000 0.4071 -0.3313 -0.0000 154 0 100
-0.0667 -0.7333 -1.0000 0.4264 -0.3388 0.0000 160 0 94
-0.0667 -0.7333 -0.8667 0.3044 -0.3128 0.2833 152 0 102
-0.0667 -0.7333 -0.7333 0.2035 -0.2395 0.3792 143 0 111
-0.0667 -0.7333 -0.6000 0.1411 -0.1315 0.2241 78 0 176
-0.0667 -0.7333 -0.4667 0.1280 -0.0074 -0.0793 30 0 224
-0.0667 -0.7333 -0.3333 0.1666 0.1112 -0.3302 108 0 146
-0.0667 -0.7333 -0.2000 0.2501 0.2039 -0.3626 141 0 113
-0.0667 -0.7333 -0.0667 0.3640 0.2547 -0.1551 136 0 118
-0.0667 -0.7333 0.0667 0.4888 0.2547 0.1551 169 0 85
-0.0667 -0.7333 0.2000 0.6027 0.2039 0.3626 222 0 32
-0.0667 -0.7333 0.3333 0.6862 0.1112 0.3302 235 0 19
-0.0667 -0.7333 0.4667 0.7248 -0.0074 0.0793 221 0 33
-0.0667 -0.7333 0.6000 0.7117 -0.1315 -0.2241 231 0 23
-0.0667 -0.7333 0.7333 0.6493 -0.2395 -0.3792 241 0 13
-0.0667 -0.7333 0.8667 0.5484 -0.3128 -0.2833 209 0 45
-0.0667 -0.7333 1.0000 0.4264 -0.3388 -0.0000 160 0 94
-0.0667 -0.6000 -1.0000 0.4167 -0.3463 0.0000 159 0 95
-0.0667 -0.6000 -0.8667 0.2947 -0.3204 0.3097 157 0 97
-0.0667 -0.6000 -0.7333 0.1938 -0.2470 0.4144 152 0 102
-0.0667 -0.6000 -0.6000 0.1314 -0.1390 0.2449 83 0 171
-0.0667 -0.6000 -0.4667 0.1184 -0.0149 -0.0866 29 0 225
-0.0667 -0.6000 -0.3333 0.1569 0.1037 -0.3609 115 0 139
-0.0667 -0.6000 -0.2000 0.2404 0.1964 -0.3963 147 0 107
-0.0667 -0.6000 -0.0667 0.3544 0.2471 -0.1695 133 0 121
-0.0667 -0.6000 0.0667 0.4791 0.2471 0.1695 167 0 87
-0.0667 -0.6000 0.2000 0.5931 0.1964 0.3963 225 0 29
-0.0667 -0.6000 0.3333 0.6766 0.1037 0.3609 236 0 18
-0.0667 -0.6000 0.4667 0.7151 -0.0149 0.0866 218 0 36
-0.0667 -0.6000 0.6000 0.7021 -0.1390 -0.2449 230 0 24
-0.0667 -0.6000 0.7333 0.6397 -0.2470 -0.4144 245 0 9
-0.0667 -0.6000 0.8667 0.5388 -0.3204 -0.3097 211 0 43
-0.0667 -0.6000 1.0000 0.4167 -0.3463 -0.0000 159 0 95
-0.0667 -0.4667 -1.0000 0.3737 -0.3534 0.0000 150 0 104
-0.0667 -0.4667 -0.8667 0.2517 -0.3274 0.3325 155 0 99
-0.0667 -0.4667 -0.7333 0.1507 -0.2541 0.4450 157 0 97
-0.0667 -0.4667 -0.6000 0.0884 -0.1461 0.2630 84 0 170
-0.0667 -0.4667 -0.4667 0.0753 -0.0220 -0.0930 20 0 234
-0.0667 -0.4667 -0.3333 0.1139 0.0966 -0.3875 117 0 137
-0.0667 -0.4667 -0.2000 0.1973 0.1893 -0.4255 147 0 107
-0.0667 -0.4667 -0.0667 0.3113 0.2401 -0.1820 123 0 131
-0.0667 -0.4667 0.0667 0.4361 0.2401 0.1820 155 0 99
-0.0667 -0.4667 0.2000 0.5500 0.1893 0.4255 218 0 36
-0.0667 -0.4667 0.3333 0.6335 0.0966 0.3875 228 0 26
-0.0667 -0.4667 0.4667 0.6720 -0.0220 0.0930 205 0 49
-0.0667 -0.4667 0.6000 0.6590 -0.1461 -0.2630 220 0 34
-0.0667 -0.4667 0.7333 0.5966 -0.2541 -0.4450 240 0 14
-0.0667 -0.4667 0.8667 0.4957 -0.3274 -0.3325 205 0 49
-0.0667 -0.4667 1.0000 0.3737 -0.3534 -0.0000 150 0 104
-0.0667 -0.3333 -1.0000 0.2970 -0.3594 0.0000 134 0 120
-0.0667 -0.3333 -0.8667 0.1749 -0.3335 0.3507 150 0 104
-0.0667 -0.3333 -0.7333 0.0740 -0.2601 0.4693 159 0 95
-0.0667 -0.3333 -0.6000 0.0116 -0.1521 0.2774 85 0 169
-0.0667 -0.3333 -0.4667 -0.0014 -0.0280 -0.0981 14 0 240
-0.0667 -0.3333 -0.3333 0.0371 0.0906 -0.4087 119 0 135
-0.0667 -0.3333 -0.2000 0.1206 0.1833 -0.4488 145 0 109
-0.0667 -0.3333 -0.0667 0.2346 0.2341 -0.1920 107 0 147
-0.0667 -0.3333 0.0667 0.3593 0.2341 0.1920 135 0 119
-0.0667 -0.3333 0.2000 0.4733 0.1833 0.4488 204 0 50
-0.0667 -0.3333 0.3333 0.5568 0.0906 0.4087 210 0 44
-0.0667 -0.3333 0.4667 0.5953 -0.0280 0.0981 180 0 74
-0.0667 -0.3333 0.6000 0.5823 -0.1521 -0.2774 199 0 55
-0.0667 -0.3333 0.7333 0.5199 -0.2601 -0.4693 227 0 27
-0.0667 -0.3333 0.8667 0.4190 -0.3335 -0.3507 192 0 62
-0.0667 -0.3333 1.0000 0.2970 -0.3594 -0.0000 134 0 120
-0.0667 -0.2000 -1.0000 0.1913 -0.3638 0.0000 116 0 138
-0.0667 -0.2000 -0.8667 0.0693 -0.3378 0.3634 146 0 108
-0.0667 -0.2000 -0.7333 -0.0316 -0.2645 0.4863 163 0 91
-0.0667 -0.2000 -0.6000 -0.0940 -0.1565 0.2874 93 0 161
-0.0667 -0.2000 -0.4667 -0.1071 -0.0324 -0.1017 30 0 224
-0.0667 -0.2000 -0.3333 -0.0685 0.0862 -0.4235 125 0 129
-0.0667 -0.2000 -0.2000 0.0150 0.1789 -0.4651 145 0 109
-0.0667 -0.2000 -0.0667 0.1289 0.2297 -0.1989 89 0 165
-0.0667 -0.2000 0.0667 0.2537 0.2297 0.1989 111 0 143
-0.0667 -0.2000 0.2000 0.3676 0.1789 0.4651 185 0 69
-0.0667 -0.2000 0.3333 0.4511 0.0862 0.4235 187 0 67
-0.0667 -0.2000 0.4667 0.4897 -0.0324 0.1017 146 0 108
-0.0667 -0.2000 0.6000 0.4766 -0.1565 -0.2874 171 0 83
-0.0667 -0.2000 0.7333 0.4142 -0.2645 -0.4863 209 0 45
-0.0667 -0.2000 0.8667 0.3133 -0.3378 -0.3634 174 0 80
-0.0667 -0.2000 1.0000 0.1913 -0.3638 -0.0000 116 0 138
-0.0667 -0.0667 -1.0000 0.0661 -0.3661 0.0000 103 0 151
-0.0667 -0.0667 -0.8667 -0.0559 -0.3401 0.3699 147 0 107
-0.0667 -0.0667 -0.7333 -0.1569 -0.2668 0.4951 173 0 81
-0.0667 -0.0667 -0.6000 -0.2192 -0.1588 0.2926 112 0 142
-0.0667 -0.0667 -0.4667 -0.2323 -0.0347 -0.1035 65 0 189
-0.0667 -0.0667 -0.3333 -0.1937 0.0839 -0.4311 139 0 115
-0.0667 -0.0667 -0.2000 -0.1103 0.1766 -0.4734 151 0 103
-0.0667 -0.0667 -0.0667 0.0037 0.2274 -0.2025 81 0 173
-0.0667 -0.0667 0.0667 0.1285 0.2274 0.2025 89 0 165
-0.0667 -0.0667 0.2000 0.2424 0.1766 0.4734 165 0 89
-0.0667 -0.0667 0.3333 0.3259 0.0839 0.4311 161 0 93
-0.0667 -0.0667 0.4667 0.3644 -0.0347 0.1035 106 0 148
-0.0667 -0.0667 0.6000 0.3514 -0.1588 -0.2926 140 0 114
-0.0667 -0.0667 0.7333 0.2890 -0.2668 -0.4951 189 0 65
-0.0667 -0.0667 0.8667 0.1881 -0.3401 -0.3699 158 0 96
-0.0667 -0.0667 1.0000 0.0661 -0.3661 -0.0000 103 0 151
-0.0667 0.0667 -1.0000 -0.0661 -0.3661 0.0000 103 0 151
-0.0667 0.0667 -0.8667 -0.1881 -0.3401 0.3699 158 0 96
-0.0667 0.0667 -0.7333 -0.2890 -0.2668 0.4951 189 0 65
-0.0667 0.0667 -0.6000 -0.3514 -0.1588 0.2926 140 0 114
-0.0667 0.0667 -0.4667 -0.3644 -0.0347 -0.1035 106 0 148
-0.0667 0.0667 -0.3333 -0.3259 0.0839 -0.4311 161 0 93
-0.0667 0.0667 -0.2000 -0.2424 0.1766 -0.4734 165 0 89
-0.0667 0.0667 -0.0667 -0.1285 0.2274 -0.2025 89 0 165
-0.0667 0.0667 0.0667 -0.0037 0.2274 0.2025 81 0 173
-0.0667 0.0667 0.2000 0.1103 0.1766 0.4734 151 0 103
-0.0667 0.0667 0.3333 0.1937 0.0839 0.4311 139 0 115
-0.0667 0.0667 0.4667 0.2323 -0.0347 0.1035 65 0 189
-0.0667 0.0667 0.6000 0.2192 -0.1588 -0.2926 112 0 142
-0.0667 0.0667 0.7333 0.1569 -0.2668 -0.4951 173 0 81
-0.0667 0.0667 0.8667 0.0559 -0.3401 -0.3699 147 0 107
-0.0667 0.0667 1.0000 -0.0661 -0.3661 -0.0000 103 0 151
-0.0667 0.2000 -1.0000 -0.1913 -0.3638 0.0000 116 0 138
-0.0667 0.2000 -0.8667 -0.3133 -0.3378 0.3634 174 0 80
-0.0667 0.2000 -0.7333 -0.4142 -0.2645 0.4863 209 0 45
-0.0667 0.2000 -0.6000 -0.4766 -0.1565 0.2874 171 0 83
-0.0667 0.2000 -0.4667 -0.4897 -0.0324 -0.1017 146 0 108
-0.0667 0.2000 -0.3333 -0.4511 0.0862 -0.4235 187 0 67
-0.0667 0.2000 -0.2000 -0.3676 0.1789 -0.4651 185 0 69
-0.0667 0.2000 -0.0667 -0.2537 0.2297 -0.1989 111 0 143
-0.0667 0.2000 0.0667 -0.1289 0.2297 0.1989 89 0 165
-0.0667 0.2000 0.2000 -0.0150 0.1789 0.4651 145 0 109
-0.0667 0.2000 0.3333 0.0685 0.0862 0.4235 125 0 129
-0.0667 0.2000 0.4667 0.1071 -0.0324 0.1017 30 0 224
-0.0667 0.2000 0.6000 0.0940 -0.1565 -0.2874 93 0 161
-0.0667 0.2000 0.7333 0.0316 -0.2645 -0.4863 163 0 91
-0.0667 0.2000 0.8667 -0.0693 -0.3378 -0.3634 146 0 108
-0.0667 0.2000 1.0000 -0.1913 -0.3638 -0.0000 116 0 138
-0.0667 0.3333 -1.0000 -0.2970 -0.3594 0.0000 134 0 120
-0.0667 0.3333 -0.8667 -0.4190 -0.3335 0.3507 192 0 62
-0.0667 0.3333 -0.7333 -0.5199 -0.2601 0.4693 227 0 27
-0.0667 0.3333 -0.6000 -0.5823 -0.1521 0.2774 199 0 55
-0.0667 0.3333 -0.4667 -0.5953 -0.0280 -0.0981 180 0 74
-0.0667 0.3333 -0.3333 -0.5568 0.0906 -0.4087 210 0 44
-0.0667 0.3333 -0.2000 -0.4733 0.1833 -0.4488 204 0 50
-0.0667 0.3333 -0.0667 -0.3593 0.2341 -0.1920 135 0 119
-0.0667 0.3333 0.0667 -0.2346 0.2341 0.1920 107 0 147
-0.0667 0.3333 0.2000 -0.1206 0.1833 0.4488 145 0 109
-0.0667 0.3333 0.3333 -0.0371 0.0906 0.4087 119 0 135
-0.0667 0.3333 0.4667 0.0014 -0.0280 0.0981 14 0 240
-0.0667 0.3333 0.6000 -0.0116 -0.1521 -0.2774 85 0 169
-0.0667 0.3333 0.7333 -0.0740 -0.2601 -0.4693 159 0 95
-0.0667 0.3333 0.8667 -0.1749 -0.3335 -0.3507 150 0 104
-0.0667 0.3333 1.0000 -0.2970 -0.3594 -0.0000 134 0 120
-0.0667 0.4667 -1.0000 -0.3737 -0.3534 0.0000 150 0 104
-0.0667 0.4667 -0.8667 -0.4957 -0.3274 0.3325 205 0 49
-0.0667 0.4667 -0.7333 -0.5966 -0.2541 0.4450 240 0 14
-0.0667 0.4667 -0.6000 -0.6590 -0.1461 0.2630 220 0 34
-0.0667 0.4667 -0.4667 -0.6720 -0.0220 -0.0930 205 0 49
-0.0667 0.4667 -0.3333 -0.6335 0.0966 -0.3875 228 0 26
-0.0667 0.4667 -0.2000 -0.5500 0.1893 -0.4255 218 0 36
-0.0667 0.4667 -0.0667 -0.4361 0.2401 -0.1820 155 0 99
-0.0667 0.4667 0.0667 -0.3113 0.2401 0.1820 123 0 131
-0.0667 0.4667 0.2000 -0.1973 0.1893 0.4255 147 0 107
-0.0667 0.4667 0.3333 -0.1139 0.0966 0.3875 117 0 137
-0.0667 0.4667 0.4667 -0.0753 -0.0220 0.0930 20 0 234
-0.0667 0.4667 0.6000 -0.0884 -0.1461 -0.2630 84 0 170
-0.0667 0.4667 0.7333 -0.1507 -0.2541 -0.4450 157 0 97
-0.0667 0.4667 0.8667 -0.2517 -0.3274 -0.3325 155 0 99
-0.0667 0.4667 1.0000 -0.3737 -0.3534 -0.0000 150 0 104
-0.0667 0.6000 -1.0000 -0.4167 -0.3463 0.0000 159 0 95
-0.0667 0.6000 -0.8667 -0.5388 -0.3204 0.3097 211 0 43
-0.0667 0.6000 -0.7333 -0.6397 -0.2470 0.4144 245 0 9
-0.0667 0.6000 -0.6000 -0.7021 -0.1390 0.2449 230 0 24
-0.0667 0.6000 -0.4667 -0.7151 -0.0149 -0.0866 218 0 36
-0.0667 0.6000 -0.3333 -0.6766 0.1037 -0.3609 236 0 18
-0.0667 0.6000 -0.2000 -0.5931 0.1964 -0.3963 225 0 29
-0.0667 0.6000 -0.0667 -0.4791 0.2471 -0.1695 167 0 87
-0.0667 0.6000 0.0667 -0.3544 0.2471 0.1695 133 0 121
-0.0667 0.6000 0.2000 -0.2404 0.1964 0.3963 147 0 107
-0.0667 0.6000 0.3333 -0.1569 0.1037 0.3609 115 0 139
-0.0667 0.6000 0.4667 -0.1184 -0.0149 0.0866 29 0 225
-0.0667 0.6000 0.6000 -0.1314 -0.1390 -0.2449 83 0 171
-0.0667 0.6000 0.7333 -0.1938 -0.2470 -0.4144 152 0 102
-0.0667 0.6000 0.8667 -0.2947 -0.3204 -0.3097 157 0 97
-0.0667 0.6000 1.0000 -0.4167 -0.3463 -0.0000 159 0 95
-0.0667 0.7333 -1.0000 -0.4264 -0.3388 0.0000 160 0 94
-0.0667 0.7333 -0.8667 -0.5484 -0.3128 0.2833 209 0 45
-0.0667 0.7333 -0.7333 -0.6493 -0.2395 0.3792 241 0 13
-0.0667 0.7333 -0.6000 -0.7117 -0.1315 0.2241 231 0 23
-0.0667 0.7333 -0.4667 -0.7248 -0.0074 -0.0793 221 0 33
-0.0667 0.7333 -0.3333 -0.6862 0.1112 -0.3302 235 0 19
-0.0667 0.7333 -0.2000 -0.6027 0.2039 -0.3626 222 0 32
-0.0667 0.7333 -0.0667 -0.4888 0.2547 -0.1551 169 0 85
-0.0667 0.7333 0.0667 -0.3640 0.2547 0.1551 136 0 118
-0.0667 0.7333 0.2000 -0.2501 0.2039 0.3626 141 0 113
-0.0667 0.7333 0.3333 -0.1666 0.1112 0.3302 108 0 146
-0.0667 0.7333 0.4667 -0.1280 -0.0074 0.0793 30 0 224
-0.0667 0.7333 0.6000 -0.1411 -0.1315 -0.2241 78 0 176
-0.0667 0.7333 0.7333 -0.2035 -0.2395 -0.3792 143 0 111
-0.0667 0.7333 0.8667 -0.3044 -0.3128 -0.2833 152 0 102
-0.0667 0.7333 1.0000 -0.4264 -0.3388 -0.0000 160 0 94
-0.0667 0.8667 -1.0000 -0.4071 -0.3313 0.0000 154 0 100
-0.0667 0.8667 -0.8667 -0.5291 -0.3054 0.2547 199 0 55
-0.0667 0.8667 -0.7333 -0.6301 -0.2321 0.3408 229 0 25
-0.0667 0.8667 -0.6000 -0.6924 -0.1240 0.2014 222 0 32
-0.0667 0.8667 -0.4667 -0.7055 0.0000 -0.0712 215 0 39
-0.0667 0.8667 -0.3333 -0.6669 0.1187 -0.2968 225 0 29
-0.0667 0.8667 -0.2000 -0.5835 0.2114 -0.3259 212 0 42
-0.0667 0.8667 -0.0667 -0.4695 0.2621 -0.1394 164 0 90
-0.0667 0.8667 0.0667 -0.3447 0.2621 0.1394 130 0 124
-0.0667 0.8667 0.2000 -0.2308 0.2114 0.3259 129 0 125
-0.0667 0.8667 0.3333 -0.1473 0.1187 0.2968 96 0 158
-0.0667 0.8667 0.4667 -0.1088 0.0000 0.0712 23 0 231
-0.0667 0.8667 0.6000 -0.1218 -0.1240 -0.2014 68 0 186
-0.0667 0.8667 0.7333 -0.1842 -0.2321 -0.3408 129 0 125
-0.0667 0.8667 0.8667 -0.2851 -0.3054 -0.2547 142 0 112
-0.0667 0.8667 1.0000 -0.4071 -0.3313 -0.0000 154 0 100
-0.0667 1.0000 -1.0000 -0.3662 -0.3244 0.0000 142 0 112
-0.0667 1.0000 -0.8667 -0.4883 -0.2985 0.2249 183 0 71
-0.0667 1.0000 -0.7333 -0.5892 -0.2252 0.3009 211 0 43
-0.0667 1.0000 -0.6000 -0.6516 -0.1171 0.1779 207 0 47
-0.0667 1.0000 -0.4667 -0.6646 0.0069 -0.0629 201 0 53
-0.0667 1.0000 -0.3333 -0.6261 0.1256 -0.2621 208 0 46
-0.0667 1.0000 -0.2000 -0.5426 0.2183 -0.2878 196 0 58
-0.0667 1.0000 -0.0667 -0.4286 0.2690 -0.1231 152 0 102
-0.0667 1.0000 0.0667 -0.3039 0.2690 0.1231 120 0 134
-0.0667 1.0000 0.2000 -0.1899 0.2183 0.2878 115 0 139
-0.0667 1.0000 0.3333 -0.1064 0.1256 0.2621 82 0 172
-0.0667 1.0000 0.4667 -0.0679 0.0069 0.0629 11 0 243
-0.0667 1.0000 0.6000 -0.0809 -0.1171 -0.1779 55 0 199
-0.0667 1.0000 0.7333 -0.1433 -0.2252 -0.3009 113 0 141
-0.0667 1.0000 0.8667 -0.2442 -0.2985 -0.2249 128 0 126
-0.0667 1.0000 1.0000 -0.3662 -0.3244 -0.0000 142 0 112
0.0667 -1.0000 -1.0000 0.3662 -0.2756 0.0000 132 0 122
0.0667 -1.0000 -0.8667 0.2442 -0.2496 0.2249 117 0 137
0.0667 -1.0000 -0.7333 0.1433 -0.1763 0.3009 105 0 149
0.0667 -1.0000 -0.6000 0.0809 -0.0683 0.1779 48 0 206
0.0667 -1.0000 -0.4667 0.0679 0.0558 -0.0629 16 0 238
0.0667 -1.0000 -0.3333 0.1064 0.1744 -0.2621 90 0 164
0.0667 -1.0000 -0.2000 0.1899 0.2671 -0.2878 124 0 130
0.0667 -1.0000 -0.0667 0.3039 0.3179 -0.1231 131 0 123
0.0667 -1.0000 0.0667 0.4286 0.3179 0.1231 161 0 93
0.0667 -1.0000 0.2000 0.5426 0.2671 0.2878 202 0 52
0.0667 -1.0000 0.3333 0.6261 0.1744 0.2621 212 0 42
0.0667 -1.0000 0.4667 0.6646 0.0558 0.0629 202 0 52
0.0667 -1.0000 0.6000 0.6516 -0.0683 -0.1779 205 0 49
0.0667 -1.0000 0.7333 0.5892 -0.1763 -0.3009 207 0 47
0.0667 -1.0000 0.8667 0.4883 -0.2496 -0.2249 176 0 78
0.0667 -1.0000 1.0000 0.3662 -0.2756 -0.0000 132 0 122
0.0667 -0.8667 -1.0000 0.4071 -0.2687 0.0000 141 0 113
0.0667 -0.8667 -0.8667 0.2851 -0.2427 0.2547 130 0 124
0.0667 -0.8667 -0.7333 0.1842 -0.1694 0.3408 120 0 134
0.0667 -0.8667 -0.6000 0.1218 -0.0614 0.2014 60 0 194
0.0667 -0.8667 -0.4667 0.1088 0.0627 -0.0712 28 0 226
0.0667 -0.8667 -0.3333 0.1473 0.1813 -0.2968 105 0 149
0.0667 -0.8667 -0.2000 0.2308 0.2740 -0.3259 140 0 114
0.0667 -0.8667 -0.0667 0.3447 0.3248 -0.1394 143 0 111
0.0667 -0.8667 0.0667 0.4695 0.3248 0.1394 174 0 80
0.0667 -0.8667 0.2000 0.5835 0.2740 0.3259 219 0 35
0.0667 -0.8667 0.3333 0.6669 0.1813 0.2968 229 0 25
0.0667 -0.8667 0.4667 0.7055 0.0627 0.0712 216 0 38
0.0667 -0.8667 0.6000 0.6924 -0.0614 -0.2014 219 0 35
0.0667 -0.8667 0.7333 0.6301 -0.1694 -0.3408 224 0 30
0.0667 -0.8667 0.8667 0.5291 -0.2427 -0.2547 190 0 64
0.0667 -0.8667 1.0000 0.4071 -0.2687 -0.0000 141 0 113
0.0667 -0.7333 -1.0000 0.4264 -0.2612 0.0000 145 0 109
0.0667 -0.7333 -0.8667 0.3044 -0.2353 0.2833 138 0 116
0.0667 -0.7333 -0.7333 0.2035 -0.1620 0.3792 132 0 122
0.0667 -0.7333 -0.6000 0.1411 -0.0539 0.2241 69 0 185
0.0667 -0.7333 -0.4667 0.1280 0.0701 -0.0793 35 0 219
0.0667 -0.7333 -0.3333 0.1666 0.1888 -0.3302 117 0 137
0.0667 -0.7333 -0.2000 0.2501 0.2815 -0.3626 153 0 101
0.0667 -0.7333 -0.0667 0.3640 0.3322 -0.1551 151 0 103
0.0667 -0.7333 0.0667 0.4888 0.3322 0.1551 182 0 72
0.0667 -0.7333 0.2000 0.6027 0.2815 0.3626 231 0 23
0.0667 -0.7333 0.3333 0.6862 0.1888 0.3302 240 0 14
0.0667 -0.7333 0.4667 0.7248 0.0701 0.0793 222 0 32
0.0667 -0.7333 0.6000 0.7117 -0.0539 -0.2241 228 0 26
0.0667 -0.7333 0.7333 0.6493 -0.1620 -0.3792 235 0 19
0.0667 -0.7333 0.8667 0.5484 -0.2353 -0.2833 199 0 55
0.0667 -0.7333 1.0000 0.4264 -0.2612 -0.0000 145 0 109
0.0667 -0.6000 -1.0000 0.4167 -0.2537 0.0000 141 0 113
0.0667 -0.6000 -0.8667 0.2947 -0.2278 0.3097 140 0 114
0.0667 -0.6000 -0.7333 0.1938 -0.1544 0.4144 140 0 114
0.0667 -0.6000 -0.6000 0.1314 -0.0464 0.2449 73 0 181
0.0667 -0.6000 -0.4667 0.1184 0.0777 -0.0866 35 0 219
0.0667 -0.6000 -0.3333 0.1569 0.1963 -0.3609 125 0 129
0.0667 -0.6000 -0.2000 0.2404 0.2890 -0.3963 161 0 93
0.0667 -0.6000 -0.0667 0.3544 0.3397 -0.1695 152 0 102
0.0667 -0.6000 0.0667 0.4791 0.3397 0.1695 182 0 72
0.0667 -0.6000 0.2000 0.5931 0.2890 0.3963 235 0 19
0.0667 -0.6000 0.3333 0.6766 0.1963 0.3609 242 0 12
0.0667 -0.6000 0.4667 0.7151 0.0777 0.0866 220 0 34
0.0667 -0.6000 0.6000 0.7021 -0.0464 -0.2449 227 0 27
0.0667 -0.6000 0.7333 0.6397 -0.1544 -0.4144 237 0 17
0.0667 -0.6000 0.8667 0.5388 -0.2278 -0.3097 199 0 55
0.0667 -0.6000 1.0000 0.4167 -0.2537 -0.0000 141 0 113
0.0667 -0.4667 -1.0000 0.3737 -0.2466 0.0000 128 0 126
0.0667 -0.4667 -0.8667 0.2517 -0.2207 0.3325 136 0 118
0.0667 -0.4667 -0.7333 0.1507 -0.1474 0.4450 143 0 111
0.0667 -0.4667 -0.6000 0.0884 -0.0393 0.2630 73 0 181
0.0667 -0.4667 -0.4667 0.0753 0.0847 -0.0930 28 0 226
0.0667 -0.4667 -0.3333 0.1139 0.2034 -0.3875 130 0 124
0.0667 -0.4667 -0.2000 0.1973 0.2961 -0.4255 163 0 91
0.0667 -0.4667 -0.0667 0.3113 0.3468 -0.1820 145 0 109
0.0667 -0.4667 0.0667 0.4361 0.3468 0.1820 174 0 80
0.0667 -0.4667 0.2000 0.5500 0.2961 0.4255 230 0 24
0.0667 -0.4667 0.3333 0.6335 0.2034 0.3875 235 0 19
0.0667 -0.4667 0.4667 0.6720 0.0847 0.0930 206 0 48
0.0667 -0.4667 0.6000 0.6590 -0.0393 -0.2630 215 0 39
0.0667 -0.4667 0.7333 0.5966 -0.1474 -0.4450 231 0 23
0.0667 -0.4667 0.8667 0.4957 -0.2207 -0.3325 191 0 63
0.0667 -0.4667 1.0000 0.3737 -0.2466 -0.0000 128 0 126
0.0667 -0.3333 -1.0000 0.2970 -0.2406 0.0000 106 0 148
0.0667 -0.3333 -0.8667 0.1749 -0.2147 0.3507 128 0 126
0.0667 -0.3333 -0.7333 0.0740 -0.1413 0.4693 144 0 110
0.0667 -0.3333 -0.6000 0.0116 -0.0333 0.2774 72 0 182
0.0667 -0.3333 -0.4667 -0.0014 0.0907 -0.0981 24 0 230
0.0667 -0.3333 -0.3333 0.0371 0.2094 -0.4087 132 0 122
0.0667 -0.3333 -0.2000 0.1206 0.3021 -0.4488 163 0 91
0.0667 -0.3333 -0.0667 0.2346 0.3528 -0.1920 134 0 120
0.0667 -0.3333 0.0667 0.3593 0.3528 0.1920 158 0 96
0.0667 -0.3333 0.2000 0.4733 0.3021 0.4488 218 0 36
0.0667 -0.3333 0.3333 0.5568 0.2094 0.4087 219 0 35
0.0667 -0.3333 0.4667 0.5953 0.0907 0.0981 182 0 72
0.0667 -0.3333 0.6000 0.5823 -0.0333 -0.2774 194 0 60
0.0667 -0.3333 0.7333 0.5199 -0.1413 -0.4693 216 0 38
0.0667 -0.3333 0.8667 0.4190 -0.2147 -0.3507 174 0 80
0.0667 -0.3333 1.0000 0.2970 -0.2406 -0.0000 106 0 148
0.0667 -0.2000 -1.0000 0.1913 -0.2362 0.0000 80 0 174
0.0667 -0.2000 -0.8667 0.0693 -0.2103 0.3634 121 0 133
0.0667 -0.2000 -0.7333 -0.0316 -0.1370 0.4863 147 0 107
0.0667 -0.2000 -0.6000 -0.0940 -0.0289 0.2874 80 0 174
0.0667 -0.2000 -0.4667 -0.1071 0.0951 -0.1017 38 0 216
0.0667 -0.2000 -0.3333 -0.0685 0.2138 -0.4235 139 0 115
0.0667 -0.2000 -0.2000 0.0150 0.3065 -0.4651 164 0 90
0.0667 -0.2000 -0.0667 0.1289 0.3572 -0.1989 122 0 132
0.0667 -0.2000 0.0667 0.2537 0.3572 0.1989 139 0 115
0.0667 -0.2000 0.2000 0.3676 0.3065 0.4651 201 0 53
0.0667 -0.2000 0.3333 0.4511 0.2138 0.4235 197 0 57
0.0667 -0.2000 0.4667 0.4897 0.0951 0.1017 148 0 106
0.0667 -0.2000 0.6000 0.4766 -0.0289 -0.2874 164 0 90
0.0667 -0.2000 0.7333 0.4142 -0.1370 -0.4863 196 0 58
0.0667 -0.2000 0.8667 0.3133 -0.2103 -0.3634 153 0 101
0.0667 -0.2000 1.0000 0.1913 -0.2362 -0.0000 80 0 174
0.0667 -0.0667 -1.0000 0.0661 -0.2339 0.0000 60 0 194
0.0667 -0.0667 -0.8667 -0.0559 -0.2080 0.3699 122 0 132
0.0667 -0.0667 -0.7333 -0.1569 -0.1347 0.4951 157 0 97
0.0667 -0.0667 -0.6000 -0.2192 -0.0266 0.2926 101 0 153
0.0667 -0.0667 -0.4667 -0.2323 0.0974 -0.1035 70 0 184
0.0667 -0.0667 -0.3333 -0.1937 0.2161 -0.4311 152 0 102
0.0667 -0.0667 -0.2000 -0.1103 0.3088 -0.4734 171 0 83
0.0667 -0.0667 -0.0667 0.0037 0.3595 -0.2025 116 0 138
0.0667 -0.0667 0.0667 0.1285 0.3595 0.2025 123 0 131
0.0667 -0.0667 0.2000 0.2424 0.3088 0.4734 183 0 71
0.0667 -0.0667 0.3333 0.3259 0.2161 0.4311 173 0 81
0.0667 -0.0667 0.4667 0.3644 0.0974 0.1035 109 0 145
0.0667 -0.0667 0.6000 0.3514 -0.0266 -0.2926 131 0 123
0.0667 -0.0667 0.7333 0.2890 -0.1347 -0.4951 175 0 79
0.0667 -0.0667 0.8667 0.1881 -0.2080 -0.3699 134 0 120
0.0667 -0.0667 1.0000 0.0661 -0.2339 -0.0000 60 0 194
0.0667 0.0667 -1.0000 -0.0661 -0.2339 0.0000 60 0 194
0.0667 0.0667 -0.8667 -0.1881 -0.2080 0.3699 134 0 120
0.0667 0.0667 -0.7333 -0.2890 -0.1347 0.4951 175 0 79
0.0667 0.0667 -0.6000 -0.3514 -0.0266 0.2926 131 0 123
0.0667 0.0667 -0.4667 -0.3644 0.0974 -0.1035 109 0 145
0.0667 0.0667 -0.3333 -0.3259 0.2161 -0.4311 173 0 81
0.0667 0.0667 -0.2000 -0.2424 0.3088 -0.4734 183 0 71
0.0667 0.0667 -0.0667 -0.1285 0.3595 -0.2025 123 0 131
0.0667 0.0667 0.0667 -0.0037 0.3595 0.2025 116 0 138
0.0667 0.0667 0.2000 0.1103 0.3088 0.4734 171 0 83
0.0667 0.0667 0.3333 0.1937 0.2161 0.4311 152 0 102
0.0667 0.0667 0.4667 0.2323 0.0974 0.1035 70 0 184
0.0667 0.0667 0.6000 0.2192 -0.0266 -0.2926 101 0 153
0.0667 0.0667 0.7333 0.1569 -0.1347 -0.4951 157 0 97
0.0667 0.0667 0.8667 0.0559 -0.2080 -0.3699 122 0 132
0.0667 0.0667 1.0000 -0.0661 -0.2339 -0.0000 60 0 194
0.0667 0.2000 -1.0000 -0.1913 -0.2362 0.0000 80 0 174
0.0667 0.2000 -0.8667 -0.3133 -0.2103 0.3634 153 0 101
0.0667 0.2000 -0.7333 -0.4142 -0.1370 0.4863 196 0 58
0.0667 0.2000 -0.6000 -0.4766 -0.0289 0.2874 164 0 90
0.0667 0.2000 -0.4667 -0.4897 0.0951 -0.1017 148 0 106
0.0667 0.2000 -0.3333 -0.4511 0.2138 -0.4235 197 0 57
0.0667 0.2000 -0.2000 -0.3676 0.3065 -0.4651 201 0 53
0.0667 0.2000 -0.0667 -0.2537 0.3572 -0.1989 139 0 115
0.0667 0.2000 0.0667 -0.1289 0.3572 0.1989 122 0 132
0.0667 0.2000 0.2000 -0.0150 0.3065 0.4651 164 0 90
0.0667 0.2000 0.3333 0.0685 0.2138 0.4235 139 0 115
0.0667 0.2000 0.4667 0.1071 0.0951 0.1017 38 0 216
0.0667 0.2000 0.6000 0.0940 -0.0289 -0.2874 80 0 174
0.0667 0.2000 0.7333 0.0316 -0.1370 -0.4863 147 0 107
0.0667 0.2000 0.8667 -0.0693 -0.2103 -0.3634 121 0 133
0.0667 0.2000 1.0000 -0.1913 -0.2362 -0.0000 80 0 174
0.0667 0.3333 -1.0000 -0.2970 -0.2406 0.0000 106 0 148
0.0667 0.3333 -0.8667 -0.4190 -0.2147 0.3507 174 0 80
0.0667 0.3333 -0.7333 -0.5199 -0.1413 0.4693 216 0 38
0.0667 0.3333 -0.6000 -0.5823 -0.0333 0.2774 194 0 60
0.0667 0.3333 -0.4667 -0.5953 0.0907 -0.0981 182 0 72
0.0667 0.3333 -0.3333 -0.5568 0.2094 -0.4087 219 0 35
0.0667 0.3333 -0.2000 -0.4733 0.3021 -0.4488 218 0 36
0.0667 0.3333 -0.0667 -0.3593 0.3528 -0.1920 158 0 96
0.0667 0.3333 0.0667 -0.2346 0.3528 0.1920 134 0 120
0.0667 0.3333 0.2000 -0.1206 0.3021 0.4488 163 0 91
0.0667 0.3333 0.3333 -0.0371 0.2094 0.4087 132 0 122
0.0667 0.3333 0.4667 0.0014 0.0907 0.0981 24 0 230
0.0667 0.3333 0.6000 -0.0116 -0.0333 -0.2774 72 0 182
0.0667 0.3333 0.7333 -0.0740 -0.1413 -0.4693 144 0 110
0.0667 0.3333 0.8667 -0.1749 -0.2147 -0.3507 128 0 126
0.0667 0.3333 1.0000 -0.2970 -0.2406 -0.0000 106 0 148
0.0667 0.4667 -1.0000 -0.3737 -0.2466 0.0000 128 0 126
0.0667 0.4667 -0.8667 -0.4957 -0.2207 0.3325 191 0 63
0.0667 0.4667 -0.7333 -0.5966 -0.1474 0.4450 231 0 23
0.0667 0.4667 -0.6000 -0.6590 -0.0393 0.2630 215 0 39
0.0667 0.4667 -0.4667 -0.6720 0.0847 -0.0930 206 0 48
0.0667 0.4667 -0.3333 -0.6335 0.2034 -0.3875 235 0 19
0.0667 0.4667 -0.2000 -0.5500 0.2961 -0.4255 230 0 24
0.0667 0.4667 -0.0667 -0.4361 0.3468 -0.1820 174 0 80
0.0667 0.4667 0.0667 -0.3113 0.3468 0.1820 145 0 109
0.0667 0.4667 0.2000 -0.1973 0.2961 0.4255 163 0 91
0.0667 0.4667 0.3333 -0.1139 0.2034 0.3875 130 0 124
0.0667 0.4667 0.4667 -0.0753 0.0847 0.0930 28 0 226
0.0667 0.4667 0.6000 -0.0884 -0.0393 -0.2630 73 0 181
0.0667 0.4667 0.7333 -0.1507 -0.1474 -0.4450 143 0 111
0.0667 0.4667 0.8667 -0.2517 -0.2207 -0.3325 136 0 118
0.0667 0.4667 1.0000 -0.3737 -0.2466 -0.0000 128 0 126
0.0667 0.6000 -1.0000 -0.4167 -0.2537 0.0000 141 0 113
0.0667 0.6000 -0.8667 -0.5388 -0.2278 0.3097 199 0 55
0.0667 0.6000 -0.7333 -0.6397 -0.1544 0.4144 237 0 17
0.0667 0.6000 -0.6000 -0.7021 -0.0464 0.2449 227 0 27
0.0667 0.6000 -0.4667 -0.7151 0.0777 -0.0866 220 0 34
0.0667 0.6000 -0.3333 -0.6766 0.1963 -0.3609 242 0 12
0.0667 0.6000 -0.2000 -0.5931 0.2890 -0.3963 235 0 19
0.0667 0.6000 -0.0667 -0.4791 0.3397 -0.1695 182 0 72
0.0667 0.6000 0.0667 -0.3544 0.3397 0.1695 152 0 102
0.0667 0.6000 0.2000 -0.2404 0.2890 0.3963 161 0 93
0.0667 0.6000 0.3333 -0.1569 0.1963 0.3609 125 0 129
0.0667 0.6000 0.4667 -0.1184 0.0777 0.0866 35 0 219
0.0667 0.6000 0.6000 -0.1314 -0.0464 -0.2449 73 0 181
0.0667 0.6000 0.7333 -0.1938 -0.1544 -0.4144 140 0 114
0.0667 0.6000 0.8667 -0.2947 -0.2278 -0.3097 140 0 114
0.0667 0.6000 1.0000 -0.4167 -0.2537 -0.0000 141 0 113
0.0667 0.7333 -1.0000 -0.4264 -0.2612 0.0000 145 0 109
0.0667 0.7333 -0.8667 -0.5484 -0.2353 0.2833 199 0 55
0.0667 0.7333 -0.7333 -0.6493 -0.1620 0.3792 235 0 19
0.0667 0.7333 -0.6000 -0.7117 -0.0539 0.2241 228 0 26
0.0667 0.7333 -0.4667 -0.7248 0.0701 -0.0793 222 0 32
0.0667 0.7333 -0.3333 -0.6862 0.1888 -0.3302 240 0 14
0.0667 0.7333 -0.2000 -0.6027 0.2815 -0.3626 231 0 23
0.0667 0.7333 -0.0667 -0.4888 0.3322 -0.1551 182 0 72
0.0667 0.7333 0.0667 -0.3640 0.3322 0.1551 151 0 103
0.0667 0.7333 0.2000 -0.2501 0.2815 0.3626 153 0 101
0.0667 0.7333 0.3333 -0.1666 0.1888 0.3302 117 0 137
0.0667 0.7333 0.4667 -0.1280 0.0701 0.0793 35 0 219
0.0667 0.7333 0.6000 -0.1411 -0.0539 -0.2241 69 0 185
0.0667 0.7333 0.7333 -0.2035 -0.1620 -0.3792 132 0 122
0.0667 0.7333 0.8667 -0.3044 -0.2353 -0.2833 138 0 116
0.0667 0.7333 1.0000 -0.4264 -0.2612 -0.0000 145 0 109
0.0667 0.8667 -1.0000 -0.4071 -0.2687 0.0000 141 0 113
0.0667 0.8667 -0.8667 -0.5291 -0.2427 0.2547 190 0 64
0.0667 0.8667 -0.7333 -0.6301 -0.1694 0.3408 224 0 30
0.0667 0.8667 -0.6000 -0.6924 -0.0614 0.2014 219 0 35
0.0667 0.8667 -0.4667 -0.7055 0.0627 -0.0712 216 0 38
0.0667 0.8667 -0.3333 -0.6669 0.1813 -0.2968 229 0 25
0.0667 0.8667 -0.2000 -0.5835 0.2740 -0.3259 219 0 35
0.0667 0.8667 -0.0667 -0.4695 0.3248 -0.1394 174 0 80
0.0667 0.8667 0.0667 -0.3447 0.3248 0.1394 143 0 111
0.0667 0.8667 0.2000 -0.2308 0.2740 0.3259 140 0 114
0.0667 0.8667 0.3333 -0.1473 0.1813 0.2968 105 0 149
0.0667 0.8667 0.4667 -0.1088 0.0627 0.0712 28 0 226
0.0667 0.8667 0.6000 -0.1218 -0.0614 -0.2014 60 0 194
0.0667 0.8667 0.7333 -0.1842 -0.1694 -0.3408 120 0 134
0.0667 0.8667 0.8667 -0.2851 -0.2427 -0.2547 130 0 124
0.0667 0.8667 1.0000 -0.4071 -0.2687 -0.0000 141 0 113
0.0667 1.0000 -1.0000 -0.3662 -0.2756 0.0000 132 0 122
0.0667 1.0000 -0.8667 -0.4883 -0.2496 0.2249 176 0 78
0.0667 1.0000 -0.7333 -0.5892 -0.1763 0.3009 207 0 47
0.0667 1.0000 -0.6000 -0.6516 -0.0683 0.1779 205 0 49
0.0667 1.0000 -0.4667 -0.6646 0.0558 -0.0629 202 0 52
0.0667 1.0000 -0.3333 -0.6261 0.1744 -0.2621 212 0 42
0.0667 1.0000 -0.2000 -0.5426 0.2671 -0.2878 202 0 52
0.0667 1.0000 -0.0667 -0.4286 0.3179 -0.1231 161 0 93
0.0667 1.0000 0.0667 -0.3039 0.3179 0.1231 131 0 123
0.0667 1.0000 0.2000 -0.1899 0.2671 0.2878 124 0 130
0.0667 1.0000 0.3333 -0.1064 0.1744 0.2621 90 0 164
0.0667 1.0000 0.4667 -0.0679 0.0558 0.0629 16 0 238
0.0667 1.0000 0.6000 -0.0809 -0.0683 -0.1779 48 0 206
0.0667 1.0000 0.7333 -0.1433 -0.1763 -0.3009 105 0 149
0.0667 1.0000 0.8667 -0.2442 -0.2496 -0.2249 117 0 137
0.0667 1.0000 1.0000 -0.3662 -0.2756 -0.0000 132 0 122
0.2000 -1.0000 -1.0000 0.3535 -0.2293 0.0000 119 0 135
0.2000 -1.0000 -0.8667 0.2314 -0.2034 0.2209 105 0 149
0.2000 -1.0000 -0.7333 0.1305 -0.1300 0.2956 95 0 159
0.2000 -1.0000 -0.6000 0.0681 -0.0220 0.1747 42 0 212
0.2000 -1.0000 -0.4667 0.0551 0.1020 -0.0618 23 0 231
0.2000 -1.0000 -0.3333 0.0936 0.2207 -0.2574 96 0 158
0.2000 -1.0000 -0.2000 0.1771 0.3134 -0.2827 131 0 123
0.2000 -1.0000 -0.0667 0.2911 0.3641 -0.1209 139 0 115
0.2000 -1.0000 0.0667 0.4158 0.3641 0.1209 167 0 87
0.2000 -1.0000 0.2000 0.5298 0.3134 0.2827 204 0 50
0.2000 -1.0000 0.3333 0.6133 0.2207 0.2574 212 0 42
0.2000 -1.0000 0.4667 0.6518 0.1020 0.0618 199 0 55
0.2000 -1.0000 0.6000 0.6388 -0.0220 -0.1747 199 0 55
0.2000 -1.0000 0.7333 0.5764 -0.1300 -0.2956 199 0 55
0.2000 -1.0000 0.8667 0.4755 -0.2034 -0.2209 166 0 88
0.2000 -1.0000 1.0000 0.3535 -0.2293 -0.0000 119 0 135
0.2000 -0.8667 -1.0000 0.3929 -0.2093 0.0000 127 0 127
0.2000 -0.8667 -0.8667 0.2709 -0.1834 0.2502 116 0 138
0.2000 -0.8667 -0.7333 0.1700 -0.1101 0.3348 109 0 145
0.2000 -0.8667 -0.6000 0.1076 -0.0020 0.1979 54 0 200
0.2000 -0.8667 -0.4667 0.0945 0.1220 -0.0700 36 0 218
0.2000 -0.8667 -0.3333 0.1331 0.2407 -0.2915 113 0 141
0.2000 -0.8667 -0.2000 0.2166 0.3334 -0.3202 149 0 105
0.2000 -0.8667 -0.0667 0.3305 0.3841 -0.1369 154 0 100
0.2000 -0.8667 0.0667 0.4553 0.3841 0.1369 182 0 72
0.2000 -0.8667 0.2000 0.5692 0.3334 0.3202 223 0 31
0.2000 -0.8667 0.3333 0.6527 0.2407 0.2915 230 0 24
0.2000 -0.8667 0.4667 0.6913 0.1220 0.0700 213 0 41
0.2000 -0.8667 0.6000 0.6782 -0.0020 -0.1979 214 0 40
0.2000 -0.8667 0.7333 0.6158 -0.1101 -0.3348 215 0 39
0.2000 -0.8667 0.8667 0.5149 -0.1834 -0.2502 179 0 75
0.2000 -0.8667 1.0000 0.3929 -0.2093 -0.0000 127 0 127
0.2000 -0.7333 -1.0000 0.4115 -0.1878 0.0000 130 0 124
0.2000 -0.7333 -0.8667 0.2895 -0.1618 0.2783 123 0 131
0.2000 -0.7333 -0.7333 0.1886 -0.0885 0.3725 121 0 133
0.2000 -0.7333 -0.6000 0.1262 0.0195 0.2202 64 0 190
0.2000 -0.7333 -0.4667 0.1131 0.1436 -0.0779 46 0 208
0.2000 -0.7333 -0.3333 0.1517 0.2622 -0.3244 127 0 127
0.2000 -0.7333 -0.2000 0.2352 0.3549 -0.3562 164 0 90
0.2000 -0.7333 -0.0667 0.3491 0.4057 -0.1523 164 0 90
0.2000 -0.7333 0.0667 0.4739 0.4057 0.1523 192 0 62
0.2000 -0.7333 0.2000 0.5878 0.3549 0.3562 236 0 18
0.2000 -0.7333 0.3333 0.6713 0.2622 0.3244 242 0 12
0.2000 -0.7333 0.4667 0.7099 0.1436 0.0779 221 0 33
0.2000 -0.7333 0.6000 0.6968 0.0195 -0.2202 222 0 32
0.2000 -0.7333 0.7333 0.6344 -0.0885 -0.3725 225 0 29
0.2000 -0.7333 0.8667 0.5335 -0.1618 -0.2783 186 0 68
0.2000 -0.7333 1.0000 0.4115 -0.1878 -0.0000 130 0 124
0.2000 -0.6000 -1.0000 0.4022 -0.1659 0.0000 124 0 130
0.2000 -0.6000 -0.8667 0.2802 -0.1400 0.3042 124 0 130
0.2000 -0.6000 -0.7333 0.1792 -0.0667 0.4071 129 0 125
0.2000 -0.6000 -0.6000 0.1169 0.0414 0.2406 69 0 185
0.2000 -0.6000 -0.4667 0.1038 0.1654 -0.0851 50 0 204
0.2000 -0.6000 -0.3333 0.1424 0.2841 -0.3545 137 0 117
0.2000 -0.6000 -0.2000 0.2259 0.3768 -0.3893 174 0 80
0.2000 -0.6000 -0.0667 0.3398 0.4275 -0.1665 169 0 85
0.2000 -0.6000 0.0667 0.4646 0.4275 0.1665 196 0 58
0.2000 -0.6000 0.2000 0.5785 0.3768 0.3893 242 0 12
0.2000 -0.6000 0.3333 0.6620 0.2841 0.3545 246 0 8
0.2000 -0.6000 0.4667 0.7005 0.1654 0.0851 220 0 34
0.2000 -0.6000 0.6000 0.6875 0.0414 -0.2406 221 0 33
0.2000 -0.6000 0.7333 0.6251 -0.0667 -0.4071 228 0 26
0.2000 -0.6000 0.8667 0.5242 -0.1400 -0.3042 186 0 68
0.2000 -0.6000 1.0000 0.4022 -0.1659 -0.0000 124 0 130
0.2000 -0.4667 -1.0000 0.3606 -0.1454 0.0000 109 0 145
0.2000 -0.4667 -0.8667 0.2386 -0.1195 0.3266 119 0 135
0.2000 -0.4667 -0.7333 0.1377 -0.0462 0.4371 132 0 122
0.2000 -0.4667 -0.6000 0.0753 0.0618 0.2584 71 0 183
0.2000 -0.4667 -0.4667 0.0623 0.1859 -0.0914 51 0 203
0.2000 -0.4667 -0.3333 0.1008 0.3046 -0.3806 145 0 109
0.2000 -0.4667 -0.2000 0.1843 0.3973 -0.4180 180 0 74
0.2000 -0.4667 -0.0667 0.2983 0.4480 -0.1788 168 0 86
0.2000 -0.4667 0.0667 0.4230 0.4480 0.1788 192 0 62
0.2000 -0.4667 0.2000 0.5370 0.3973 0.4180 241 0 13
0.2000 -0.4667 0.3333 0.6204 0.3046 0.3806 241 0 13
0.2000 -0.4667 0.4667 0.6590 0.1859 0.0914 209 0 45
0.2000 -0.4667 0.6000 0.6459 0.0618 -0.2584 211 0 43
0.2000 -0.4667 0.7333 0.5836 -0.0462 -0.4371 222 0 32
0.2000 -0.4667 0.8667 0.4826 -0.1195 -0.3266 177 0 77
0.2000 -0.4667 1.0000 0.3606 -0.1454 -0.0000 109 0 145
0.2000 -0.3333 -1.0000 0.2866 -0.1280 0.0000 84 0 170
0.2000 -0.3333 -0.8667 0.1646 -0.1021 0.3445 111 0 143
0.2000 -0.3333 -0.7333 0.0636 -0.0288 0.4611 134 0 120
0.2000 -0.3333 -0.6000 0.0013 0.0792 0.2725 74 0 180
0.2000 -0.3333 -0.4667 -0.0118 0.2033 -0.0964 54 0 200
0.2000 -0.3333 -0.3333 0.0268 0.3220 -0.4015 150 0 104
0.2000 -0.3333 -0.2000 0.1102 0.4147 -0.4409 184 0 70
0.2000 -0.3333 -0.0667 0.2242 0.4654 -0.1886 162 0 92
0.2000 -0.3333 0.0667 0.3490 0.4654 0.1886 182 0 72
0.2000 -0.3333 0.2000 0.4629 0.4147 0.4409 232 0 22
0.2000 -0.3333 0.3333 0.5464 0.3220 0.4015 228 0 26
0.2000 -0.3333 0.4667 0.5849 0.2033 0.0964 187 0 67
0.2000 -0.3333 0.6000 0.5719 0.0792 -0.2725 191 0 63
0.2000 -0.3333 0.7333 0.5095 -0.0288 -0.4611 208 0 46
0.2000 -0.3333 0.8667 0.4086 -0.1021 -0.3445 160 0 94
0.2000 -0.3333 1.0000 0.2866 -0.1280 -0.0000 84 0 170
0.2000 -0.2000 -1.0000 0.1846 -0.1154 0.0000 52 0 202
0.2000 -0.2000 -0.8667 0.0626 -0.0894 0.3570 103 0 151
0.2000 -0.2000 -0.7333 -0.0383 -0.0161 0.4778 139 0 115
0.2000 -0.2000 -0.6000 -0.1007 0.0919 0.2824 84 0 170
0.2000 -0.2000 -0.4667 -0.1137 0.2160 -0.0999 67 0 187
0.2000 -0.2000 -0.3333 -0.0752 0.3346 -0.4160 158 0 96
0.2000 -0.2000 -0.2000 0.0083 0.4273 -0.4569 187 0 67
0.2000 -0.2000 -0.0667 0.1222 0.4781 -0.1954 156 0 98
0.2000 -0.2000 0.0667 0.2470 0.4781 0.1954 169 0 85
0.2000 -0.2000 0.2000 0.3610 0.4273 0.4569 219 0 35
0.2000 -0.2000 0.3333 0.4444 0.3346 0.4160 210 0 44
0.2000 -0.2000 0.4667 0.4830 0.2160 0.0999 158 0 96
0.2000 -0.2000 0.6000 0.4699 0.0919 -0.2824 164 0 90
0.2000 -0.2000 0.7333 0.4076 -0.0161 -0.4778 188 0 66
0.2000 -0.2000 0.8667 0.3066 -0.0894 -0.3570 138 0 116
0.2000 -0.2000 1.0000 0.1846 -0.1154 -0.0000 52 0 202
0.2000 -0.0667 -1.0000 0.0638 -0.1087 0.0000 22 0 232
0.2000 -0.0667 -0.8667 -0.0583 -0.0828 0.3634 105 0 149
0.2000 -0.0667 -0.7333 -0.1592 -0.0094 0.4863 149 0 105
0.2000 -0.0667 -0.6000 -0.2215 0.0986 0.2874 104 0 150
0.2000 -0.0667 -0.4667 -0.2346 0.2227 -0.1017 92 0 162
0.2000 -0.0667 -0.3333 -0.1960 0.3413 -0.4235 171 0 83
0.2000 -0.0667 -0.2000 -0.1126 0.4340 -0.4651 194 0 60
0.2000 -0.0667 -0.0667 0.0014 0.4848 -0.1989 153 0 101
0.2000 -0.0667 0.0667 0.1261 0.4848 0.1989 158 0 96
0.2000 -0.0667 0.2000 0.2401 0.4340 0.4651 205 0 49
0.2000 -0.0667 0.3333 0.3236 0.3413 0.4235 189 0 65
0.2000 -0.0667 0.4667 0.3621 0.2227 0.1017 125 0 129
0.2000 -0.0667 0.6000 0.3491 0.0986 -0.2874 133 0 121
0.2000 -0.0667 0.7333 0.2867 -0.0094 -0.4863 167 0 87
0.2000 -0.0667 0.8667 0.1858 -0.0828 -0.3634 118 0 136
0.2000 -0.0667 1.0000 0.0638 -0.1087 -0.0000 22 0 232
0.2000 0.0667 -1.0000 -0.0638 -0.1087 0.0000 22 0 232
0.2000 0.0667 -0.8667 -0.1858 -0.0828 0.3634 118 0 136
0.2000 0.0667 -0.7333 -0.2867 -0.0094 0.4863 167 0 87
0.2000 0.0667 -0.6000 -0.3491 0.0986 0.2874 133 0 121
0.2000 0.0667 -0.4667 -0.3621 0.2227 -0.1017 125 0 129
0.2000 0.0667 -0.3333 -0.3236 0.3413 -0.4235 189 0 65
0.2000 0.0667 -0.2000 -0.2401 0.4340 -0.4651 205 0 49
0.2000 0.0667 -0.0667 -0.1261 0.4848 -0.1989 158 0 96
0.2000 0.0667 0.0667 -0.0014 0.4848 0.1989 153 0 101
0.2000 0.0667 0.2000 0.1126 0.4340 0.4651 194 0 60
0.2000 0.0667 0.3333 0.1960 0.3413 0.4235 171 0 83
0.2000 0.0667 0.4667 0.2346 0.2227 0.1017 92 0 162
0.2000 0.0667 0.6000 0.2215 0.0986 -0.2874 104 0 150
0.2000 0.0667 0.7333 0.1592 -0.0094 -0.4863 149 0 105
0.2000 0.0667 0.8667 0.0583 -0.0828 -0.3634 105 0 149
0.2000 0.0667 1.0000 -0.0638 -0.1087 -0.0000 22 0 232
0.2000 0.2000 -1.0000 -0.1846 -0.1154 0.0000 52 0 202
0.2000 0.2000 -0.8667 -0.3066 -0.0894 0.3570 138 0 116
0.2000 0.2000 -0.7333 -0.4076 -0.0161 0.4778 188 0 66
0.2000 0.2000 -0.6000 -0.4699 0.0919 0.2824 164 0 90
0.2000 0.2000 -0.4667 -0.4830 0.2160 -0.0999 158 0 96
0.2000 0.2000 -0.3333 -0.4444 0.3346 -0.4160 210 0 44
0.2000 0.2000 -0.2000 -0.3610 0.4273 -0.4569 219 0 35
0.2000 0.2000 -0.0667 -0.2470 0.4781 -0.1954 169 0 85
0.2000 0.2000 0.0667 -0.1222 0.4781 0.1954 156 0 98
0.2000 0.2000 0.2000 -0.0083 0.4273 0.4569 187 0 67
0.2000 0.2000 0.3333 0.0752 0.3346 0.4160 158 0 96
0.2000 0.2000 0.4667 0.1137 0.2160 0.0999 67 0 187
0.2000 0.2000 0.6000 0.1007 0.0919 -0.2824 84 0 170
0.2000 0.2000 0.7333 0.0383 -0.0161 -0.4778 139 0 115
0.2000 0.2000 0.8667 -0.0626 -0.0894 -0.3570 103 0 151
0.2000 0.2000 1.0000 -0.1846 -0.1154 -0.0000 52 0 202
0.2000 0.3333 -1.0000 -0.2866 -0.1280 0.0000 84 0 170
0.2000 0.3333 -0.8667 -0.4086 -0.1021 0.3445 160 0 94
0.2000 0.3333 -0.7333 -0.5095 -0.0288 0.4611 208 0 46
0.2000 0.3333 -0.6000 -0.5719 0.0792 0.2725 191 0 63
0.2000 0.3333 -0.4667 -0.5849 0.2033 -0.0964 187 0 67
0.2000 0.3333 -0.3333 -0.5464 0.3220 -0.4015 228 0 26
0.2000 0.3333 -0.2000 -0.4629 0.4147 -0.4409 232 0 22
0.2000 0.3333 -0.0667 -0.3490 0.4654 -0.1886 182 0 72
0.2000 0.3333 0.0667 -0.2242 0.4654 0.1886 162 0 92
0.2000 0.3333 0.2000 -0.1102 0.4147 0.4409 184 0 70
0.2000 0.3333 0.3333 -0.0268 0.3220 0.4015 150 0 104
0.2000 0.3333 0.4667 0.0118 0.2033 0.0964 54 0 200
0.2000 0.3333 0.6000 -0.0013 0.0792 -0.2725 74 0 180
0.2000 0.3333 0.7333 -0.0636 -0.0288 -0.4611 134 0 120
0.2000 0.3333 0.8667 -0.1646 -0.1021 -0.3445 111 0 143
0.2000 0.3333 1.0000 -0.2866 -0.1280 -0.0000 84 0 170
0.2000 0.4667 -1.0000 -0.3606 -0.1454 0.0000 109 0 145
0.2000 0.4667 -0.8667 -0.4826 -0.1195 0.3266 177 0 77
0.2000 0.4667 -0.7333 -0.5836 -0.0462 0.4371 222 0 32
0.2000 0.4667 -0.6000 -0.6459 0.0618 0.2584 211 0 43
0.2000 0.4667 -0.4667 -0.6590 0.1859 -0.0914 209 0 45
0.2000 0.4667 -0.3333 -0.6204 0.3046 -0.3806 241 0 13
0.2000 0.4667 -0.2000 -0.5370 0.3973 -0.4180 241 0 13
0.2000 0.4667 -0.0667 -0.4230 0.4480 -0.1788 192 0 62
0.2000 0.4667 0.0667 -0.2983 0.4480 0.1788 168 0 86
0.2000 0.4667 0.2000 -0.1843 0.3973 0.4180 180 0 74
0.2000 0.4667 0.3333 -0.1008 0.3046 0.3806 145 0 109
0.2000 0.4667 0.4667 -0.0623 0.1859 0.0914 51 0 203
0.2000 0.4667 0.6000 -0.0753 0.0618 -0.2584 71 0 183
0.2000 0.4667 0.7333 -0.1377 -0.0462 -0.4371 132 0 122
0.2000 0.4667 0.8667 -0.2386 -0.1195 -0.3266 119 0 135
0.2000 0.4667 1.0000 -0.3606 -0.1454 -0.0000 109 0 145
0.2000 0.6000 -1.0000 -0.4022 -0.1659 0.0000 124 0 130
0.2000 0.6000 -0.8667 -0.5242 -0.1400 0.3042 186 0 68
0.2000 0.6000 -0.7333 -0.6251 -0.0667 0.4071 228 0 26
0.2000 0.6000 -0.6000 -0.6875 0.0414 0.2406 221 0 33
0.2000 0.6000 -0.4667 -0.7005 0.1654 -0.0851 220 0 34
0.2000 0.6000 -0.3333 -0.6620 0.2841 -0.3545 246 0 8
0.2000 0.6000 -0.2000 -0.5785 0.3768 -0.3893 242 0 12
0.2000 0.6000 -0.0667 -0.4646 0.4275 -0.1665 196 0 58
0.2000 0.6000 0.0667 -0.3398 0.4275 0.1665 169 0 85
0.2000 0.6000 0.2000 -0.2259 0.3768 0.3893 174 0 80
0.2000 0.6000 0.3333 -0.1424 0.2841 0.3545 137 0 117
0.2000 0.6000 0.4667 -0.1038 0.1654 0.0851 50 0 204
0.2000 0.6000 0.6000 -0.1169 0.0414 -0.2406 69 0 185
0.2000 0.6000 0.7333 -0.1792 -0.0667 -0.4071 129 0 125
0.2000 0.6000 0.8667 -0.2802 -0.1400 -0.3042 124 0 130
0.2000 0.6000 1.0000 -0.4022 -0.1659 -0.0000 124 0 130
0.2000 0.7333 -1.0000 -0.4115 -0.1878 0.0000 130 0 124
0.2000 0.7333 -0.8667 -0.5335 -0.1618 0.2783 186 0 68
0.2000 0.7333 -0.7333 -0.6344 -0.0885 0.3725 225 0 29
0.2000 0.7333 -0.6000 -0.6968 0.0195 0.2202 222 0 32
0.2000 0.7333 -0.4667 -0.7099 0.1436 -0.0779 221 0 33
0.2000 0.7333 -0.3333 -0.6713 0.2622 -0.3244 242 0 12
0.2000 0.7333 -0.2000 -0.5878 0.3549 -0.3562 236 0 18
0.2000 0.7333 -0.0667 -0.4739 0.4057 -0.1523 192 0 62
0.2000 0.7333 0.0667 -0.3491 0.4057 0.1523 164 0 90
0.2000 0.7333 0.2000 -0.2352 0.3549 0.3562 164 0 90
0.2000 0.7333 0.3333 -0.1517 0.2622 0.3244 127 0 127
0.2000 0.7333 0.4667 -0.1131 0.1436 0.0779 46 0 208
0.2000 0.7333 0.6000 -0.1262 0.0195 -0.2202 64 0 190
0.2000 0.7333 0.7333 -0.1886 -0.0885 -0.3725 121 0 133
0.2000 0.7333 0.8667 -0.2895 -0.1618 -0.2783 123 0 131
0.2000 0.7333 1.0000 -0.4115 -0.1878 -0.0000 130 0 124
0.2000 0.8667 -1.0000 -0.3929 -0.2093 0.0000 127 0 127
0.2000 0.8667 -0.8667 -0.5149 -0.1834 0.2502 179 0 75
0.2000 0.8667 -0.7333 -0.6158 -0.1101 0.3348 215 0 39
0.2000 0.8667 -0.6000 -0.6782 -0.0020 0.1979 214 0 40
0.2000 0.8667 -0.4667 -0.6913 0.1220 -0.0700 213 0 41
0.2000 0.8667 -0.3333 -0.6527 0.2407 -0.2915 230 0 24
0.2000 0.8667 -0.2000 -0.5692 0.3334 -0.3202 223 0 31
0.2000 0.8667 -0.0667 -0.4553 0.3841 -0.1369 182 0 72
0.2000 0.8667 0.0667 -0.3305 0.3841 0.1369 154 0 100
0.2000 0.8667 0.2000 -0.2166 0.3334 0.3202 149 0 105
0.2000 0.8667 0.3333 -0.1331 0.2407 0.2915 113 0 141
0.2000 0.8667 0.4667 -0.0945 0.1220 0.0700 36 0 218
0.2000 0.8667 0.6000 -0.1076 -0.0020 -0.1979 54 0 200
0.2000 0.8667 0.7333 -0.1700 -0.1101 -0.3348 109 0 145
0.2000 0.8667 0.8667 -0.2709 -0.1834 -0.2502 116 0 138
0.2000 0.8667 1.0000 -0.3929 -0.2093 -0.0000 127 0 127
0.2000 1.0000 -1.0000 -0.3535 -0.2293 0.0000 119 0 135
0.2000 1.0000 -0.8667 -0.4755 -0.2034 0.2209 166 0 88
0.2000 1.0000 -0.7333 -0.5764 -0.1300 0.2956 199 0 55
0.2000 1.0000 -0.6000 -0.6388 -0.0220 0.1747 199 0 55
0.2000 1.0000 -0.4667 -0.6518 0.1020 -0.0618 199 0 55
0.2000 1.0000 -0.3333 -0.6133 0.2207 -0.2574 212 0 42
0.2000 1.0000 -0.2000 -0.5298 0.3134 -0.2827 204 0 50
0.2000 1.0000 -0.0667 -0.4158 0.3641 -0.1209 167 0 87
0.2000 1.0000 0.0667 -0.2911 0.3641 0.1209 139 0 115
0.2000 1.0000 0.2000 -0.1771 0.3134 0.2827 131 0 123
0.2000 1.0000 0.3333 -0.0936 0.2207 0.2574 96 0 158
0.2000 1.0000 0.4667 -0.0551 0.1020 0.0618 23 0 231
0.2000 1.0000 0.6000 -0.0681 -0.0220 -0.1747 42 0 212
0.2000 1.0000 0.7333 -0.1305 -0.1300 -0.2956 95 0 159
0.2000 1.0000 0.8667 -0.2314 -0.2034 -0.2209 105 0 149
0.2000 1.0000 1.0000 -0.3535 -0.2293 -0.0000 119 0 135
0.3333 -1.0000 -1.0000 0.3292 -0.1903 0.0000 106 0 148
0.3333 -1.0000 -0.8667 0.2072 -0.1643 0.2132 92 0 162
0.3333 -1.0000 -0.7333 0.1062 -0.0910 0.2853 85 0 169
0.3333 -1.0000 -0.6000 0.0439 0.0170 0.1686 38 0 216
0.3333 -1.0000 -0.4667 0.0308 0.1411 -0.0596 32 0 222
0.3333 -1.0000 -0.3333 0.0694 0.2597 -0.2484 101 0 153
0.3333 -1.0000 -0.2000 0.1529 0.3524 -0.2728 136 0 118
0.3333 -1.0000 -0.0667 0.2668 0.4032 -0.1167 145 0 109
0.3333 -1.0000 0.0667 0.3916 0.4032 0.1167 170 0 84
0.3333 -1.0000 0.2000 0.5055 0.3524 0.2728 203 0 51
0.3333 -1.0000 0.3333 0.5890 0.2597 0.2484 208 0 46
0.3333 -1.0000 0.4667 0.6275 0.1411 0.0596 194 0 60
0.3333 -1.0000 0.6000 0.6145 0.0170 -0.1686 191 0 63
0.3333 -1.0000 0.7333 0.5521 -0.0910 -0.2853 188 0 66
0.3333 -1.0000 0.8667 0.4512 -0.1643 -0.2132 154 0 100
0.3333 -1.0000 1.0000 0.3292 -0.1903 -0.0000 106 0 148
0.3333 -0.8667 -1.0000 0.3659 -0.1593 0.0000 112 0 142
0.3333 -0.8667 -0.8667 0.2439 -0.1333 0.2414 102 0 152
0.3333 -0.8667 -0.7333 0.1430 -0.0600 0.3231 98 0 156
0.3333 -0.8667 -0.6000 0.0806 0.0480 0.1910 50 0 204
0.3333 -0.8667 -0.4667 0.0676 0.1721 -0.0675 45 0 209
0.3333 -0.8667 -0.3333 0.1061 0.2907 -0.2814 118 0 136
0.3333 -0.8667 -0.2000 0.1896 0.3834 -0.3090 155 0 99
0.3333 -0.8667 -0.0667 0.3036 0.4342 -0.1321 161 0 93
0.3333 -0.8667 0.0667 0.4283 0.4342 0.1321 186 0 68
0.3333 -0.8667 0.2000 0.5423 0.3834 0.3090 222 0 32
0.3333 -0.8667 0.3333 0.6257 0.2907 0.2814 227 0 27
0.3333 -0.8667 0.4667 0.6643 0.1721 0.0675 208 0 46
0.3333 -0.8667 0.6000 0.6512 0.0480 -0.1910 205 0 49
0.3333 -0.8667 0.7333 0.5889 -0.0600 -0.3231 203 0 51
0.3333 -0.8667 0.8667 0.4879 -0.1333 -0.2414 165 0 89
0.3333 -0.8667 1.0000 0.3659 -0.1593 -0.0000 112 0 142
0.3333 -0.7333 -1.0000 0.3833 -0.1258 0.0000 113 0 141
0.3333 -0.7333 -0.8667 0.2612 -0.0999 0.2686 108 0 146
0.3333 -0.7333 -0.7333 0.1603 -0.0265 0.3595 110 0 144
0.3333 -0.7333 -0.6000 0.0979 0.0815 0.2125 62 0 192
0.3333 -0.7333 -0.4667 0.0849 0.2056 -0.0752 58 0 196
0.3333 -0.7333 -0.3333 0.1235 0.3242 -0.3130 135 0 119
0.3333 -0.7333 -0.2000 0.2069 0.4169 -0.3438 171 0 83
0.3333 -0.7333 -0.0667 0.3209 0.4677 -0.1470 174 0 80
0.3333 -0.7333 0.0667 0.4456 0.4677 0.1470 199 0 55
0.3333 -0.7333 0.2000 0.5596 0.4169 0.3438 237 0 17
0.3333 -0.7333 0.3333 0.6431 0.3242 0.3130 240 0 14
0.3333 -0.7333 0.4667 0.6816 0.2056 0.0752 217 0 37
0.3333 -0.7333 0.6000 0.6686 0.0815 -0.2125 214 0 40
0.3333 -0.7333 0.7333 0.6062 -0.0265 -0.3595 213 0 41
0.3333 -0.7333 0.8667 0.5053 -0.0999 -0.2686 172 0 82
0.3333 -0.7333 1.0000 0.3833 -0.1258 -0.0000 113 0 141
0.3333 -0.6000 -1.0000 0.3746 -0.0919 0.0000 108 0 146
0.3333 -0.6000 -0.8667 0.2526 -0.0660 0.2936 110 0 144
0.3333 -0.6000 -0.7333 0.1516 0.0074 0.3929 119 0 135
0.3333 -0.6000 -0.6000 0.0893 0.1154 0.2322 71 0 183
0.3333 -0.6000 -0.4667 0.0762 0.2395 -0.0821 67 0 187
0.3333 -0.6000 -0.3333 0.1148 0.3581 -0.3421 148 0 106
0.3333 -0.6000 -0.2000 0.1982 0.4508 -0.3757 185 0 69
0.3333 -0.6000 -0.0667 0.3122 0.5015 -0.1607 183 0 71
0.3333 -0.6000 0.0667 0.4370 0.5015 0.1607 206 0 48
0.3333 -0.6000 0.2000 0.5509 0.4508 0.3757 246 0 8
0.3333 -0.6000 0.3333 0.6344 0.3581 0.3421 246 0 8
0.3333 -0.6000 0.4667 0.6729 0.2395 0.0821 218 0 36
0.3333 -0.6000 0.6000 0.6599 0.1154 -0.2322 215 0 39
0.3333 -0.6000 0.7333 0.5975 0.0074 -0.3929 217 0 37
0.3333 -0.6000 0.8667 0.4966 -0.0660 -0.2936 172 0 82
0.3333 -0.6000 1.0000 0.3746 -0.0919 -0.0000 108 0 146
0.3333 -0.4667 -1.0000 0.3359 -0.0601 0.0000 93 0 161
0.3333 -0.4667 -0.8667 0.2138 -0.0342 0.3152 106 0 148
0.3333 -0.4667 -0.7333 0.1129 0.0392 0.4219 125 0 129
0.3333 -0.4667 -0.6000 0.0506 0.1472 0.2493 77 0 177
0.3333 -0.4667 -0.4667 0.0375 0.2713 -0.0882 75 0 179
0.3333 -0.4667 -0.3333 0.0761 0.3899 -0.3674 159 0 95
0.3333 -0.4667 -0.2000 0.1595 0.4826 -0.4034 195 0 59
0.3333 -0.4667 -0.0667 0.2735 0.5334 -0.1725 186 0 68
0.3333 -0.4667 0.0667 0.3982 0.5334 0.1725 208 0 46
0.3333 -0.4667 0.2000 0.5122 0.4826 0.4034 248 0 6
0.3333 -0.4667 0.3333 0.5957 0.3899 0.3674 245 0 9
0.3333 -0.4667 0.4667 0.6342 0.2713 0.0882 210 0 44
0.3333 -0.4667 0.6000 0.6212 0.1472 -0.2493 207 0 47
0.3333 -0.4667 0.7333 0.5588 0.0392 -0.4219 212 0 42
0.3333 -0.4667 0.8667 0.4579 -0.0342 -0.3152 164 0 90
0.3333 -0.4667 1.0000 0.3359 -0.0601 -0.0000 93 0 161
0.3333 -0.3333 -1.0000 0.2669 -0.0331 0.0000 69 0 185
0.3333 -0.3333 -0.8667 0.1449 -0.0072 0.3325 100 0 154
0.3333 -0.3333 -0.7333 0.0440 0.0662 0.4450 129 0 125
0.3333 -0.3333 -0.6000 -0.0184 0.1742 0.2630 84 0 170
0.3333 -0.3333 -0.4667 -0.0314 0.2983 -0.0930 84 0 170
0.3333 -0.3333 -0.3333 0.0071 0.4169 -0.3875 168 0 86
0.3333 -0.3333 -0.2000 0.0906 0.5096 -0.4255 202 0 52
0.3333 -0.3333 -0.0667 0.2045 0.5604 -0.1820 186 0 68
0.3333 -0.3333 0.0667 0.3293 0.5604 0.1820 203 0 51
0.3333 -0.3333 0.2000 0.4432 0.5096 0.4255 244 0 10
0.3333 -0.3333 0.3333 0.5267 0.4169 0.3875 237 0 17
0.3333 -0.3333 0.4667 0.5653 0.2983 0.0930 194 0 60
0.3333 -0.3333 0.6000 0.5522 0.1742 -0.2630 190 0 64
0.3333 -0.3333 0.7333 0.4899 0.0662 -0.4450 200 0 54
0.3333 -0.3333 0.8667 0.3889 -0.0072 -0.3325 149 0 105
0.3333 -0.3333 1.0000 0.2669 -0.0331 -0.0000 69 0 185
0.3333 -0.2000 -1.0000 0.1720 -0.0134 0.0000 37 0 217
0.3333 -0.2000 -0.8667 0.0499 0.0125 0.3445 95 0 159
0.3333 -0.2000 -0.7333 -0.0510 0.0858 0.4611 136 0 118
0.3333 -0.2000 -0.6000 -0.1134 0.1939 0.2725 97 0 157
0.3333 -0.2000 -0.4667 -0.1264 0.3179 -0.0964 98 0 156
0.3333 -0.2000 -0.3333 -0.0879 0.4366 -0.4015 178 0 76
0.3333 -0.2000 -0.2000 -0.0044 0.5293 -0.4409 208 0 46
0.3333 -0.2000 -0.0667 0.1096 0.5800 -0.1886 185 0 69
0.3333 -0.2000 0.0667 0.2343 0.5800 0.1886 196 0 58
0.3333 -0.2000 0.2000 0.3483 0.5293 0.4409 235 0 19
0.3333 -0.2000 0.3333 0.4318 0.4366 0.4015 223 0 31
0.3333 -0.2000 0.4667 0.4703 0.3179 0.0964 170 0 84
0.3333 -0.2000 0.6000 0.4573 0.1939 -0.2725 167 0 87
0.3333 -0.2000 0.7333 0.3949 0.0858 -0.4611 183 0 71
0.3333 -0.2000 0.8667 0.2940 0.0125 -0.3445 130 0 124
0.3333 -0.2000 1.0000 0.1720 -0.0134 -0.0000 37 0 217
0.3333 -0.0667 -1.0000 0.0594 -0.0030 0.0000 0 0 255
0.3333 -0.0667 -0.8667 -0.0626 0.0229 0.3507 98 0 156
0.3333 -0.0667 -0.7333 -0.1636 0.0962 0.4693 147 0 107
0.3333 -0.0667 -0.6000 -0.2259 0.2043 0.2774 116 0 138
0.3333 -0.0667 -0.4667 -0.2390 0.3283 -0.0981 118 0 136
0.3333 -0.0667 -0.3333 -0.2004 0.4470 -0.4087 191 0 63
0.3333 -0.0667 -0.2000 -0.1169 0.5397 -0.4488 215 0 39
0.3333 -0.0667 -0.0667 -0.0030 0.5904 -0.1920 185 0 69
0.3333 -0.0667 0.0667 0.1218 0.5904 0.1920 189 0 65
0.3333 -0.0667 0.2000 0.2357 0.5397 0.4488 225 0 29
0.3333 -0.0667 0.3333 0.3192 0.4470 0.4087 207 0 47
0.3333 -0.0667 0.4667 0.3577 0.3283 0.0981 144 0 110
0.3333 -0.0667 0.6000 0.3447 0.2043 -0.2774 141 0 113
0.3333 -0.0667 0.7333 0.2823 0.0962 -0.4693 164 0 90
0.3333 -0.0667 0.8667 0.1814 0.0229 -0.3507 111 0 143
0.3333 -0.0667 1.0000 0.0594 -0.0030 -0.0000 0 0 254
0.3333 0.0667 -1.0000 -0.0594 -0.0030 0.0000 0 0 254
0.3333 0.0667 -0.8667 -0.1814 0.0229 0.3507 111 0 143
0.3333 0.0667 -0.7333 -0.2823 0.0962 0.4693 164 0 90
0.3333 0.0667 -0.6000 -0.3447 0.2043 0.2774 141 0 113
0.3333 0.0667 -0.4667 -0.3577 0.3283 -0.0981 144 0 110
0.3333 0.0667 -0.3333 -0.3192 0.4470 -0.4087 207 0 47
0.3333 0.0667 -0.2000 -0.2357 0.5397 -0.4488 225 0 29
0.3333 0.0667 -0.0667 -0.1218 0.5904 -0.1920 189 0 65
0.3333 0.0667 0.0667 0.0030 0.5904 0.1920 185 0 69
0.3333 0.0667 0.2000 0.1169 0.5397 0.4488 215 0 39
0.3333 0.0667 0.3333 0.2004 0.4470 0.4087 191 0 63
0.3333 0.0667 0.4667 0.2390 0.3283 0.0981 118 0 136
0.3333 0.0667 0.6000 0.2259 0.2043 -0.2774 116 0 138
0.3333 0.0667 0.7333 0.1636 0.0962 -0.4693 147 0 107
0.3333 0.0667 0.8667 0.0626 0.0229 -0.3507 98 0 156
0.3333 0.0667 1.0000 -0.0594 -0.0030 -0.0000 0 0 255
0.3333 0.2000 -1.0000 -0.1720 -0.0134 0.0000 37 0 217
0.3333 0.2000 -0.8667 -0.2940 0.0125 0.3445 130 0 124
0.3333 0.2000 -0.7333 -0.3949 0.0858 0.4611 183 0 71
0.3333 0.2000 -0.6000 -0.4573 0.1939 0.2725 167 0 87
0.3333 0.2000 -0.4667 -0.4703 0.3179 -0.0964 170 0 84
0.3333 0.2000 -0.3333 -0.4318 0.4366 -0.4015 223 0 31
0.3333 0.2000 -0.2000 -0.3483 0.5293 -0.4409 235 0 19
0.3333 0.2000 -0.0667 -0.2343 0.5800 -0.1886 196 0 58
0.3333 0.2000 0.0667 -0.1096 0.5800 0.1886 185 0 69
0.3333 0.2000 0.2000 0.0044 0.5293 0.4409 208 0 46
0.3333 0.2000 0.3333 0.0879 0.4366 0.4015 178 0 76
0.3333 0.2000 0.4667 0.1264 0.3179 0.0964 98 0 156
0.3333 0.2000 0.6000 0.1134 0.1939 -0.2725 97 0 157
0.3333 0.2000 0.7333 0.0510 0.0858 -0.4611 136 0 118
0.3333 0.2000 0.8667 -0.0499 0.0125 -0.3445 95 0 159
0.3333 0.2000 1.0000 -0.1720 -0.0134 -0.0000 37 0 217
0.3333 0.3333 -1.0000 -0.2669 -0.0331 0.0000 69 0 185
0.3333 0.3333 -0.8667 -0.3889 -0.0072 0.3325 149 0 105
0.3333 0.3333 -0.7333 -0.4899 0.0662 0.4450 200 0 54
0.3333 0.3333 -0.6000 -0.5522 0.1742 0.2630 190 0 64
0.3333 0.3333 -0.4667 -0.5653 0.2983 -0.0930 194 0 60
0.3333 0.3333 -0.3333 -0.5267 0.4169 -0.3875 237 0 17
0.3333 0.3333 -0.2000 -0.4432 0.5096 -0.4255 244 0 10
0.3333 0.3333 -0.0667 -0.3293 0.5604 -0.1820 203 0 51
0.3333 0.3333 0.0667 -0.2045 0.5604 0.1820 186 0 68
0.3333 0.3333 0.2000 -0.0906 0.5096 0.4255 202 0 52
0.3333 0.3333 0.3333 -0.0071 0.4169 0.3875 168 0 86
0.3333 0.3333 0.4667 0.0314 0.2983 0.0930 84 0 170
0.3333 0.3333 0.6000 0.0184 0.1742 -0.2630 84 0 170
0.3333 0.3333 0.7333 -0.0440 0.0662 -0.4450 129 0 125
0.3333 0.3333 0.8667 -0.1449 -0.0072 -0.3325 100 0 154
0.3333 0.3333 1.0000 -0.2669 -0.0331 -0.0000 69 0 185
0.3333 0.4667 -1.0000 -0.3359 -0.0601 0.0000 93 0 161
0.3333 0.4667 -0.8667 -0.4579 -0.0342 0.3152 164 0 90
0.3333 0.4667 -0.7333 -0.5588 0.0392 0.4219 212 0 42
0.3333 0.4667 -0.6000 -0.6212 0.1472 0.2493 207 0 47
0.3333 0.4667 -0.4667 -0.6342 0.2713 -0.0882 210 0 44
0.3333 0.4667 -0.3333 -0.5957 0.3899 -0.3674 245 0 9
0.3333 0.4667 -0.2000 -0.5122 0.4826 -0.4034 248 0 6
0.3333 0.4667 -0.0667 -0.3982 0.5334 -0.1725 208 0 46
0.3333 0.4667 0.0667 -0.2735 0.5334 0.1725 186 0 68
0.3333 0.4667 0.2000 -0.1595 0.4826 0.4034 195 0 59
0.3333 0.4667 0.3333 -0.0761 0.3899 0.3674 159 0 95
0.3333 0.4667 0.4667 -0.0375 0.2713 0.0882 75 0 179
0.3333 0.4667 0.6000 -0.0506 0.1472 -0.2493 77 0 177
0.3333 0.4667 0.7333 -0.1129 0.0392 -0.4219 125 0 129
0.3333 0.4667 0.8667 -0.2138 -0.0342 -0.3152 106 0 148
0.3333 0.4667 1.0000 -0.3359 -0.0601 -0.0000 93 0 161
0.3333 0.6000 -1.0000 -0.3746 -0.0919 0.0000 108 0 146
0.3333 0.6000 -0.8667 -0.4966 -0.0660 0.2936 172 0 82
0.3333 0.6000 -0.7333 -0.5975 0.0074 0.3929 217 0 37
0.3333 0.6000 -0.6000 -0.6599 0.1154 0.2322 215 0 39
0.3333 0.6000 -0.4667 -0.6729 0.2395 -0.0821 218 0 36
0.3333 0.6000 -0.3333 -0.6344 0.3581 -0.3421 246 0 8
0.3333 0.6000 -0.2000 -0.5509 0.4508 -0.3757 246 0 8
0.3333 0.6000 -0.0667 -0.4370 0.5015 -0.1607 206 0 48
0.3333 0.6000 0.0667 -0.3122 0.5015 0.1607 183 0 71
0.3333 0.6000 0.2000 -0.1982 0.4508 0.3757 185 0 69
0.3333 0.6000 0.3333 -0.1148 0.3581 0.3421 148 0 106
0.3333 0.6000 0.4667 -0.0762 0.2395 0.0821 67 0 187
0.3333 0.6000 0.6000 -0.0893 0.1154 -0.2322 71 0 183
0.3333 0.6000 0.7333 -0.1516 0.0074 -0.3929 119 0 135
0.3333 0.6000 0.8667 -0.2526 -0.0660 -0.2936 110 0 144
0.3333 0.6000 1.0000 -0.3746 -0.0919 -0.0000 108 0 146
0.3333 0.7333 -1.0000 -0.3833 -0.1258 0.0000 113 0 141
0.3333 0.7333 -0.8667 -0.5053 -0.0999 0.2686 172 0 82
0.3333 0.7333 -0.7333 -0.6062 -0.0265 0.3595 213 0 41
0.3333 0.7333 -0.6000 -0.6686 0.0815 0.2125 214 0 40
0.3333 0.7333 -0.4667 -0.6816 0.2056 -0.0752 217 0 37
0.3333 0.7333 -0.3333 -0.6431 0.3242 -0.3130 240 0 14
0.3333 0.7333 -0.2000 -0.5596 0.4169 -0.3438 237 0 17
0.3333 0.7333 -0.0667 -0.4456 0.4677 -0.1470 199 0 55
0.3333 0.7333 0.0667 -0.3209 0.4677 0.1470 174 0 80
0.3333 0.7333 0.2000 -0.2069 0.4169 0.3438 171 0 83
0.3333 0.7333 0.3333 -0.1235 0.3242 0.3130 135 0 119
0.3333 0.7333 0.4667 -0.0849 0.2056 0.0752 58 0 196
0.3333 0.7333 0.6000 -0.0979 0.0815 -0.2125 62 0 192
0.3333 0.7333 0.7333 -0.1603 -0.0265 -0.3595 110 0 144
0.3333 0.7333 0.8667 -0.2612 -0.0999 -0.2686 108 0 146
0.3333 0.7333 1.0000 -0.3833 -0.1258 -0.0000 113 0 141
0.3333 0.8667 -1.0000 -0.3659 -0.1593 0.0000 112 0 142
0.3333 0.8667 -0.8667 -0.4879 -0.1333 0.2414 165 0 89
0.3333 0.8667 -0.7333 -0.5889 -0.0600 0.3231 203 0 51
0.3333 0.8667 -0.6000 -0.6512 0.0480 0.1910 205 0 49
0.3333 0.8667 -0.4667 -0.6643 0.1721 -0.0675 208 0 46
0.3333 0.8667 -0.3333 -0.6257 0.2907 -0.2814 227 0 27
0.3333 0.8667 -0.2000 -0.5423 0.3834 -0.3090 222 0 32
0.3333 0.8667 -0.0667 -0.4283 0.4342 -0.1321 186 0 68
0.3333 0.8667 0.0667 -0.3036 0.4342 0.1321 161 0 93
0.3333 0.8667 0.2000 -0.1896 0.3834 0.3090 155 0 99
0.3333 0.8667 0.3333 -0.1061 0.2907 0.2814 118 0 136
0.3333 0.8667 0.4667 -0.0676 0.1721 0.0675 45 0 209
0.3333 0.8667 0.6000 -0.0806 0.0480 -0.1910 50 0 204
0.3333 0.8667 0.7333 -0.1430 -0.0600 -0.3231 98 0 156
0.3333 0.8667 0.8667 -0.2439 -0.1333 -0.2414 102 0 152
0.3333 0.8667 1.0000 -0.3659 -0.1593 -0.0000 112 0 142
0.3333 1.0000 -1.0000 -0.3292 -0.1903 0.0000 106 0 148
0.3333 1.0000 -0.8667 -0.4512 -0.1643 0.2132 154 0 100
0.3333 1.0000 -0.7333 -0.5521 -0.0910 0.2853 188 0 66
0.3333 1.0000 -0.6000 -0.6145 0.0170 0.1686 191 0 63
0.3333 1.0000 -0.4667 -0.6275 0.1411 -0.0596 194 0 60
0.3333 1.0000 -0.3333 -0.5890 0.2597 -0.2484 208 0 46
0.3333 1.0000 -0.2000 -0.5055 0.3524 -0.2728 203 0 51
0.3333 1.0000 -0.0667 -0.3916 0.4032 -0.1167 170 0 84
0.3333 1.0000 0.0667 -0.2668 0.4032 0.1167 145 0 109
0.3333 1.0000 0.2000 -0.1529 0.3524 0.2728 136 0 118
0.3333 1.0000 0.3333 -0.0694 0.2597 0.2484 101 0 153
0.3333 1.0000 0.4667 -0.0308 0.1411 0.0596 32 0 222
0.3333 1.0000 0.6000 -0.0439 0.0170 -0.1686 38 0 216
0.3333 1.0000 0.7333 -0.1062 -0.0910 -0.2853 85 0 169
0.3333 1.0000 0.8667 -0.2072 -0.1643 -0.2132 92 0 162
0.3333 1.0000 1.0000 -0.3292 -0.1903 -0.0000 106 0 148
0.4667 -1.0000 -1.0000 0.2959 -0.1619 0.0000 92 0 162
0.4667 -1.0000 -0.8667 0.1739 -0.1360 0.2021 79 0 175
0.4667 -1.0000 -0.7333 0.0729 -0.0627 0.2705 75 0 179
0.4667 -1.0000 -0.6000 0.0106 0.0454 0.1599 35 0 219
0.4667 -1.0000 -0.4667 -0.0025 0.1694 -0.0565 39 0 215
0.4667 -1.0000 -0.3333 0.0361 0.2881 -0.2355 104 0 150
0.4667 -1.0000 -0.2000 0.1196 0.3808 -0.2587 137 0 117
0.4667 -1.0000 -0.0667 0.2335 0.4315 -0.1106 146 0 108
0.4667 -1.0000 0.0667 0.3583 0.4315 0.1106 169 0 85
0.4667 -1.0000 0.2000 0.4722 0.3808 0.2587 198 0 56
0.4667 -1.0000 0.3333 0.5557 0.2881 0.2355 201 0 53
0.4667 -1.0000 0.4667 0.5942 0.1694 0.0565 185 0 69
0.4667 -1.0000 0.6000 0.5812 0.0454 -0.1599 180 0 74
0.4667 -1.0000 0.7333 0.5188 -0.0627 -0.2705 175 0 79
0.4667 -1.0000 0.8667 0.4179 -0.1360 -0.2021 140 0 114
0.4667 -1.0000 1.0000 0.2959 -0.1619 -0.0000 92 0 162
0.4667 -0.8667 -1.0000 0.3289 -0.1229 0.0000 96 0 158
0.4667 -0.8667 -0.8667 0.2069 -0.0970 0.2289 87 0 167
0.4667 -0.8667 -0.7333 0.1060 -0.0236 0.3063 87 0 167
0.4667 -0.8667 -0.6000 0.0436 0.0844 0.1810 48 0 206
0.4667 -0.8667 -0.4667 0.0305 0.2085 -0.0640 53 0 201
0.4667 -0.8667 -0.3333 0.0691 0.3271 -0.2668 121 0 133
0.4667 -0.8667 -0.2000 0.1526 0.4198 -0.2929 157 0 97
0.4667 -0.8667 -0.0667 0.2665 0.4705 -0.1253 164 0 90
0.4667 -0.8667 0.0667 0.3913 0.4705 0.1253 187 0 67
0.4667 -0.8667 0.2000 0.5052 0.4198 0.2929 218 0 36
0.4667 -0.8667 0.3333 0.5887 0.3271 0.2668 220 0 34
0.4667 -0.8667 0.4667 0.6273 0.2085 0.0640 200 0 54
0.4667 -0.8667 0.6000 0.6142 0.0844 -0.1810 194 0 60
0.4667 -0.8667 0.7333 0.5518 -0.0236 -0.3063 189 0 65
0.4667 -0.8667 0.8667 0.4509 -0.0970 -0.2289 150 0 104
0.4667 -0.8667 1.0000 0.3289 -0.1229 -0.0000 96 0 158
0.4667 -0.7333 -1.0000 0.3445 -0.0808 0.0000 97 0 157
0.4667 -0.7333 -0.8667 0.2225 -0.0548 0.2547 93 0 161
0.4667 -0.7333 -0.7333 0.1215 0.0185 0.3408 100 0 154
0.4667 -0.7333 -0.6000 0.0592 0.1265 0.2014 61 0 193
0.4667 -0.7333 -0.4667 0.0461 0.2506 -0.0712 67 0 187
0.4667 -0.7333 -0.3333 0.0847 0.3692 -0.2968 139 0 115
0.4667 -0.7333 -0.2000 0.1681 0.4619 -0.3259 175 0 79
0.4667 -0.7333 -0.0667 0.2821 0.5127 -0.1394 179 0 75
0.4667 -0.7333 0.0667 0.4069 0.5127 0.1394 201 0 53
0.4667 -0.7333 0.2000 0.5208 0.4619 0.3259 234 0 20
0.4667 -0.7333 0.3333 0.6043 0.3692 0.2968 234 0 20
0.4667 -0.7333 0.4667 0.6428 0.2506 0.0712 210 0 44
0.4667 -0.7333 0.6000 0.6298 0.1265 -0.2014 203 0 51
0.4667 -0.7333 0.7333 0.5674 0.0185 -0.3408 199 0 55
0.4667 -0.7333 0.8667 0.4665 -0.0548 -0.2547 157 0 97
0.4667 -0.7333 1.0000 0.3445 -0.0808 -0.0000 97 0 157
0.4667 -0.6000 -1.0000 0.3367 -0.0381 0.0000 92 0 162
0.4667 -0.6000 -0.8667 0.2147 -0.0122 0.2783 96 0 158
0.4667 -0.6000 -0.7333 0.1137 0.0611 0.3725 110 0 144
0.4667 -0.6000 -0.6000 0.0514 0.1692 0.2202 73 0 181
0.4667 -0.6000 -0.4667 0.0383 0.2932 -0.0779 81 0 173
0.4667 -0.6000 -0.3333 0.0769 0.4119 -0.3244 155 0 99
0.4667 -0.6000 -0.2000 0.1604 0.5046 -0.3562 191 0 63
0.4667 -0.6000 -0.0667 0.2743 0.5553 -0.1523 191 0 63
0.4667 -0.6000 0.0667 0.3991 0.5553 0.1523 212 0 42
0.4667 -0.6000 0.2000 0.5130 0.5046 0.3562 246 0 8
0.4667 -0.6000 0.3333 0.5965 0.4119 0.3244 243 0 11
0.4667 -0.6000 0.4667 0.6350 0.2932 0.0779 213 0 41
0.4667 -0.6000 0.6000 0.6220 0.1692 -0.2202 205 0 49
0.4667 -0.6000 0.7333 0.5596 0.0611 -0.3725 203 0 51
0.4667 -0.6000 0.8667 0.4587 -0.0122 -0.2783 158 0 96
0.4667 -0.6000 1.0000 0.3367 -0.0381 -0.0000 92 0 162
0.4667 -0.4667 -1.0000 0.3019 0.0019 0.0000 80 0 174
0.4667 -0.4667 -0.8667 0.1799 0.0278 0.2989 96 0 158
0.4667 -0.4667 -0.7333 0.0789 0.1011 0.3999 119 0 135
0.4667 -0.4667 -0.6000 0.0166 0.2092 0.2364 84 0 170
0.4667 -0.4667 -0.4667 0.0035 0.3332 -0.0836 94 0 160
0.4667 -0.4667 -0.3333 0.0421 0.4519 -0.3483 169 0 85
0.4667 -0.4667 -0.2000 0.1256 0.5446 -0.3825 204 0 50
0.4667 -0.4667 -0.0667 0.2395 0.5953 -0.1636 199 0 55
0.4667 -0.4667 0.0667 0.3643 0.5953 0.1636 217 0 37
0.4667 -0.4667 0.2000 0.4782 0.5446 0.3825 251 0 3
0.4667 -0.4667 0.3333 0.5617 0.4519 0.3483 245 0 9
0.4667 -0.4667 0.4667 0.6002 0.3332 0.0836 209 0 45
0.4667 -0.4667 0.6000 0.5872 0.2092 -0.2364 201 0 53
0.4667 -0.4667 0.7333 0.5248 0.1011 -0.3999 201 0 53
0.4667 -0.4667 0.8667 0.4239 0.0278 -0.2989 152 0 102
0.4667 -0.4667 1.0000 0.3019 0.0019 -0.0000 80 0 174
0.4667 -0.3333 -1.0000 0.2399 0.0359 0.0000 60 0 194
0.4667 -0.3333 -0.8667 0.1179 0.0618 0.3152 93 0 161
0.4667 -0.3333 -0.7333 0.0170 0.1351 0.4219 127 0 127
0.4667 -0.3333 -0.6000 -0.0454 0.2432 0.2493 96 0 158
0.4667 -0.3333 -0.4667 -0.0584 0.3672 -0.0882 106 0 148
0.4667 -0.3333 -0.3333 -0.0199 0.4859 -0.3674 182 0 72
0.4667 -0.3333 -0.2000 0.0636 0.5786 -0.4034 214 0 40
0.4667 -0.3333 -0.0667 0.1775 0.6293 -0.1725 204 0 50
0.4667 -0.3333 0.0667 0.3023 0.6293 0.1725 218 0 36
0.4667 -0.3333 0.2000 0.4162 0.5786 0.4034 251 0 3
0.4667 -0.3333 0.3333 0.4997 0.4859 0.3674 241 0 13
0.4667 -0.3333 0.4667 0.5383 0.3672 0.0882 198 0 56
0.4667 -0.3333 0.6000 0.5252 0.2432 -0.2493 189 0 65
0.4667 -0.3333 0.7333 0.4629 0.1351 -0.4219 192 0 62
0.4667 -0.3333 0.8667 0.3619 0.0618 -0.3152 140 0 114
0.4667 -0.3333 1.0000 0.2399 0.0359 -0.0000 60 0 194
0.4667 -0.2000 -1.0000 0.1546 0.0606 0.0000 35 0 219
0.4667 -0.2000 -0.8667 0.0325 0.0866 0.3266 92 0 162
0.4667 -0.2000 -0.7333 -0.0684 0.1599 0.4371 136 0 118
0.4667 -0.2000 -0.6000 -0.1308 0.2679 0.2584 110 0 144
0.4667 -0.2000 -0.4667 -0.1438 0.3920 -0.0914 121 0 133
0.4667 -0.2000 -0.3333 -0.1053 0.5106 -0.3806 194 0 60
0.4667 -0.2000 -0.2000 -0.0218 0.6033 -0.4180 223 0 31
0.4667 -0.2000 -0.0667 0.0922 0.6541 -0.1788 206 0 48
0.4667 -0.2000 0.0667 0.2169 0.6541 0.1788 216 0 38
0.4667 -0.2000 0.2000 0.3309 0.6033 0.4180 246 0 8
0.4667 -0.2000 0.3333 0.4144 0.5106 0.3806 231 0 23
0.4667 -0.2000 0.4667 0.4529 0.3920 0.0914 180 0 74
0.4667 -0.2000 0.6000 0.4399 0.2679 -0.2584 171 0 83
0.4667 -0.2000 0.7333 0.3775 0.1599 -0.4371 178 0 76
0.4667 -0.2000 0.8667 0.2766 0.0866 -0.3266 124 0 130
0.4667 -0.2000 1.0000 0.1546 0.0606 -0.0000 35 0 219
0.4667 -0.0667 -1.0000 0.0534 0.0737 0.0000 10 0 244
0.4667 -0.0667 -0.8667 -0.0686 0.0996 0.3325 97 0 157
0.4667 -0.0667 -0.7333 -0.1696 0.1729 0.4450 148 0 106
0.4667 -0.0667 -0.6000 -0.2319 0.2810 0.2630 129 0 125
0.4667 -0.0667 -0.4667 -0.2450 0.4050 -0.0930 140 0 114
0.4667 -0.0667 -0.3333 -0.2064 0.5237 -0.3875 206 0 48
0.4667 -0.0667 -0.2000 -0.1230 0.6164 -0.4255 231 0 23
0.4667 -0.0667 -0.0667 -0.0090 0.6671 -0.1820 209 0 45
0.4667 -0.0667 0.0667 0.1158 0.6671 0.1820 212 0 42
0.4667 -0.0667 0.2000 0.2297 0.6164 0.4255 239 0 15
0.4667 -0.0667 0.3333 0.3132 0.5237 0.3875 219 0 35
0.4667 -0.0667 0.4667 0.3517 0.4050 0.0930 160 0 94
0.4667 -0.0667 0.6000 0.3387 0.2810 -0.2630 150 0 104
0.4667 -0.0667 0.7333 0.2763 0.1729 -0.4450 162 0 92
0.4667 -0.0667 0.8667 0.1754 0.0996 -0.3325 109 0 145
0.4667 -0.0667 1.0000 0.0534 0.0737 -0.0000 10 0 244
0.4667 0.0667 -1.0000 -0.0534 0.0737 0.0000 10 0 244
0.4667 0.0667 -0.8667 -0.1754 0.0996 0.3325 109 0 145
0.4667 0.0667 -0.7333 -0.2763 0.1729 0.4450 162 0 92
0.4667 0.0667 -0.6000 -0.3387 0.2810 0.2630 150 0 104
0.4667 0.0667 -0.4667 -0.3517 0.4050 -0.0930 160 0 94
0.4667 0.0667 -0.3333 -0.3132 0.5237 -0.3875 219 0 35
0.4667 0.0667 -0.2000 -0.2297 0.6164 -0.4255 239 0 15
0.4667 0.0667 -0.0667 -0.1158 0.6671 -0.1820 212 0 42
0.4667 0.0667 0.0667 0.0090 0.6671 0.1820 209 0 45
0.4667 0.0667 0.2000 0.1230 0.6164 0.4255 231 0 23
0.4667 0.0667 0.3333 0.2064 0.5237 0.3875 206 0 48
0.4667 0.0667 0.4667 0.2450 0.4050 0.0930 140 0 114
0.4667 0.0667 0.6000 0.2319 0.2810 -0.2630 129 0 125
0.4667 0.0667 0.7333 0.1696 0.1729 -0.4450 148 0 106
0.4667 0.0667 0.8667 0.0686 0.0996 -0.3325 97 0 157
0.4667 0.0667 1.0000 -0.0534 0.0737 -0.0000 10 0 244
0.4667 0.2000 -1.0000 -0.1546 0.0606 0.0000 35 0 219
0.4667 0.2000 -0.8667 -0.2766 0.0866 0.3266 124 0 130
0.4667 0.2000 -0.7333 -0.3775 0.1599 0.4371 178 0 76
0.4667 0.2000 -0.6000 -0.4399 0.2679 0.2584 171 0 83
0.4667 0.2000 -0.4667 -0.4529 0.3920 -0.0914 180 0 74
0.4667 0.2000 -0.3333 -0.4144 0.5106 -0.3806 231 0 23
0.4667 0.2000 -0.2000 -0.3309 0.6033 -0.4180 246 0 8
0.4667 0.2000 -0.0667 -0.2169 0.6541 -0.1788 216 0 38
0.4667 0.2000 0.0667 -0.0922 0.6541 0.1788 206 0 48
0.4667 0.2000 0.2000 0.0218 0.6033 0.4180 223 0 31
0.4667 0.2000 0.3333 0.1053 0.5106 0.3806 194 0 60
0.4667 0.2000 0.4667 0.1438 0.3920 0.0914 121 0 133
0.4667 0.2000 0.6000 0.1308 0.2679 -0.2584 110 0 144
0.4667 0.2000 0.7333 0.0684 0.1599 -0.4371 136 0 118
0.4667 0.2000 0.8667 -0.0325 0.0866 -0.3266 92 0 162
0.4667 0.2000 1.0000 -0.1546 0.0606 -0.0000 35 0 219
0.4667 0.3333 -1.0000 -0.2399 0.0359 0.0000 60 0 194
0.4667 0.3333 -0.8667 -0.3619 0.0618 0.3152 140 0 114
0.4667 0.3333 -0.7333 -0.4629 0.1351 0.4219 192 0 62
0.4667 0.3333 -0.6000 -0.5252 0.2432 0.2493 189 0 65
0.4667 0.3333 -0.4667 -0.5383 0.3672 -0.0882 198 0 56
0.4667 0.3333 -0.3333 -0.4997 0.4859 -0.3674 241 0 13
0.4667 0.3333 -0.2000 -0.4162 0.5786 -0.4034 251 0 3
0.4667 0.3333 -0.0667 -0.3023 0.6293 -0.1725 218 0 36
0.4667 0.3333 0.0667 -0.1775 0.6293 0.1725 204 0 50
0.4667 0.3333 0.2000 -0.0636 0.5786 0.4034 214 0 40
0.4667 0.3333 0.3333 0.0199 0.4859 0.3674 182 0 72
0.4667 0.3333 0.4667 0.0584 0.3672 0.0882 106 0 148
0.4667 0.3333 0.6000 0.0454 0.2432 -0.2493 96 0 158
0.4667 0.3333 0.7333 -0.0170 0.1351 -0.4219 127 0 127
0.4667 0.3333 0.8667 -0.1179 0.0618 -0.3152 93 0 161
0.4667 0.3333 1.0000 -0.2399 0.0359 -0.0000 60 0 194
0.4667 0.4667 -1.0000 -0.3019 0.0019 0.0000 80 0 174
0.4667 0.4667 -0.8667 -0.4239 0.0278 0.2989 152 0 102
0.4667 0.4667 -0.7333 -0.5248 0.1011 0.3999 201 0 53
0.4667 0.4667 -0.6000 -0.5872 0.2092 0.2364 201 0 53
0.4667 0.4667 -0.4667 -0.6002 0.3332 -0.0836 209 0 45
0.4667 0.4667 -0.3333 -0.5617 0.4519 -0.3483 245 0 9
0.4667 0.4667 -0.2000 -0.4782 0.5446 -0.3825 251 0 3
0.4667 0.4667 -0.0667 -0.3643 0.5953 -0.1636 217 0 37
0.4667 0.4667 0.0667 -0.2395 0.5953 0.1636 199 0 55
0.4667 0.4667 0.2000 -0.1256 0.5446 0.3825 204 0 50
0.4667 0.4667 0.3333 -0.0421 0.4519 0.3483 169 0 85
0.4667 0.4667 0.4667 -0.0035 0.3332 0.0836 94 0 160
0.4667 0.4667 0.6000 -0.0166 0.2092 -0.2364 84 0 170
0.4667 0.4667 0.7333 -0.0789 0.1011 -0.3999 119 0 135
0.4667 0.4667 0.8667 -0.1799 0.0278 -0.2989 96 0 158
0.4667 0.4667 1.0000 -0.3019 0.0019 -0.0000 80 0 174
0.4667 0.6000 -1.0000 -0.3367 -0.0381 0.0000 92 0 162
0.4667 0.6000 -0.8667 -0.4587 -0.0122 0.2783 158 0 96
0.4667 0.6000 -0.7333 -0.5596 0.0611 0.3725 203 0 51
0.4667 0.6000 -0.6000 -0.6220 0.1692 0.2202 205 0 49
0.4667 0.6000 -0.4667 -0.6350 0.2932 -0.0779 213 0 41
0.4667 0.6000 -0.3333 -0.5965 0.4119 -0.3244 243 0 11
0.4667 0.6000 -0.2000 -0.5130 0.5046 -0.3562 246 0 8
0.4667 0.6000 -0.0667 -0.3991 0.5553 -0.1523 212 0 42
0.4667 0.6000 0.0667 -0.2743 0.5553 0.1523 191 0 63
0.4667 0.6000 0.2000 -0.1604 0.5046 0.3562 191 0 63
0.4667 0.6000 0.3333 -0.0769 0.4119 0.3244 155 0 99
0.4667 0.6000 0.4667 -0.0383 0.2932 0.0779 81 0 173
0.4667 0.6000 0.6000 -0.0514 0.1692 -0.2202 73 0 181
0.4667 0.6000 0.7333 -0.1137 0.0611 -0.3725 110 0 144
0.4667 0.6000 0.8667 -0.2147 -0.0122 -0.2783 96 0 158
0.4667 0.6000 1.0000 -0.3367 -0.0381 -0.0000 92 0 162
0.4667 0.7333 -1.0000 -0.3445 -0.0808 0.0000 97 0 157
0.4667 0.7333 -0.8667 -0.4665 -0.0548 0.2547 157 0 97
0.4667 0.7333 -0.7333 -0.5674 0.0185 0.3408 199 0 55
0.4667 0.7333 -0.6000 -0.6298 0.1265 0.2014 203 0 51
0.4667 0.7333 -0.4667 -0.6428 0.2506 -0.0712 210 0 44
0.4667 0.7333 -0.3333 -0.6043 0.3692 -0.2968 234 0 20
0.4667 0.7333 -0.2000 -0.5208 0.4619 -0.3259 234 0 20
0.4667 0.7333 -0.0667 -0.4069 0.5127 -0.1394 201 0 53
0.4667 0.7333 0.0667 -0.2821 0.5127 0.1394 179 0 75
0.4667 0.7333 0.2000 -0.1681 0.4619 0.3259 175 0 79
0.4667 0.7333 0.3333 -0.0847 0.3692 0.2968 139 0 115
0.4667 0.7333 0.4667 -0.0461 0.2506 0.0712 67 0 187
0.4667 0.7333 0.6000 -0.0592 0.1265 -0.2014 61 0 193
0.4667 0.7333 0.7333 -0.1215 0.0185 -0.3408 100 0 154
0.4667 0.7333 0.8667 -0.2225 -0.0548 -0.2547 93 0 161
0.4667 0.7333 1.0000 -0.3445 -0.0808 -0.0000 97 0 157
0.4667 0.8667 -1.0000 -0.3289 -0.1229 0.0000 96 0 158
0.4667 0.8667 -0.8667 -0.4509 -0.0970 0.2289 150 0 104
0.4667 0.8667 -0.7333 -0.5518 -0.0236 0.3063 189 0 65
0.4667 0.8667 -0.6000 -0.6142 0.0844 0.1810 194 0 60
0.4667 0.8667 -0.4667 -0.6273 0.2085 -0.0640 200 0 54
0.4667 0.8667 -0.3333 -0.5887 0.3271 -0.2668 220 0 34
0.4667 0.8667 -0.2000 -0.5052 0.4198 -0.2929 218 0 36
0.4667 0.8667 -0.0667 -0.3913 0.4705 -0.1253 187 0 67
0.4667 0.8667 0.0667 -0.2665 0.4705 0.1253 164 0 90
0.4667 0.8667 0.2000 -0.1526 0.4198 0.2929 157 0 97
0.4667 0.8667 0.3333 -0.0691 0.3271 0.2668 121 0 133
0.4667 0.8667 0.4667 -0.0305 0.2085 0.0640 53 0 201
0.4667 0.8667 0.6000 -0.0436 0.0844 -0.1810 48 0 206
0.4667 0.8667 0.7333 -0.1060 -0.0236 -0.3063 87 0 167
0.4667 0.8667 0.8667 -0.2069 -0.0970 -0.2289 87 0 167
0.4667 0.8667 1.0000 -0.3289 -0.1229 -0.0000 96 0 158
0.4667 1.0000 -1.0000 -0.2959 -0.1619 0.0000 92 0 162
0.4667 1.0000 -0.8667 -0.4179 -0.1360 0.2021 140 0 114
0.4667 1.0000 -0.7333 -0.5188 -0.0627 0.2705 175 0 79
0.4667 1.0000 -0.6000 -0.5812 0.0454 0.1599 180 0 74
0.4667 1.0000 -0.4667 -0.5942 0.1694 -0.0565 185 0 69
0.4667 1.0000 -0.3333 -0.5557 0.2881 -0.2355 201 0 53
0.4667 1.0000 -0.2000 -0.4722 0.3808 -0.2587 198 0 56
0.4667 1.0000 -0.0667 -0.3583 0.4315 -0.1106 169 0 85
0.4667 1.0000 0.0667 -0.2335 0.4315 0.1106 146 0 108
0.4667 1.0000 0.2000 -0.1196 0.3808 0.2587 137 0 117
0.4667 1.0000 0.3333 -0.0361 0.2881 0.2355 104 0 150
0.4667 1.0000 0.4667 0.0025 0.1694 0.0565 39 0 215
0.4667 1.0000 0.6000 -0.0106 0.0454 -0.1599 35 0 219
0.4667 1.0000 0.7333 -0.0729 -0.0627 -0.2705 75 0 179
0.4667 1.0000 0.8667 -0.1739 -0.1360 -0.2021 79 0 175
0.4667 1.0000 1.0000 -0.2959 -0.1619 -0.0000 92 0 162
0.6000 -1.0000 -1.0000 0.2567 -0.1460 0.0000 78 0 176
0.6000 -1.0000 -0.8667 0.1346 -0.1201 0.1882 66 0 188
0.6000 -1.0000 -0.7333 0.0337 -0.0467 0.2519 65 0 189
0.6000 -1.0000 -0.6000 -0.0287 0.0613 0.1489 34 0 220
0.6000 -1.0000 -0.4667 -0.0417 0.1854 -0.0527 45 0 209
0.6000 -1.0000 -0.3333 -0.0031 0.3040 -0.2194 104 0 150
0.6000 -1.0000 -0.2000 0.0803 0.3967 -0.2409 136 0 118
0.6000 -1.0000 -0.0667 0.1943 0.4474 -0.1030 145 0 109
0.6000 -1.0000 0.0667 0.3190 0.4474 0.1030 165 0 89
0.6000 -1.0000 0.2000 0.4330 0.3967 0.2409 190 0 64
0.6000 -1.0000 0.3333 0.5165 0.3040 0.2194 191 0 63
0.6000 -1.0000 0.4667 0.5550 0.1854 0.0527 174 0 80
0.6000 -1.0000 0.6000 0.5420 0.0613 -0.1489 167 0 87
0.6000 -1.0000 0.7333 0.4796 -0.0467 -0.2519 160 0 94
0.6000 -1.0000 0.8667 0.3787 -0.1201 -0.1882 125 0 129
0.6000 -1.0000 1.0000 0.2567 -0.1460 -0.0000 78 0 176
0.6000 -0.8667 -1.0000 0.2853 -0.1025 0.0000 80 0 174
0.6000 -0.8667 -0.8667 0.1633 -0.0765 0.2132 72 0 182
0.6000 -0.8667 -0.7333 0.0624 -0.0032 0.2853 77 0 177
0.6000 -0.8667 -0.6000 -0.0000 0.1048 0.1686 46 0 208
0.6000 -0.8667 -0.4667 -0.0131 0.2289 -0.0596 58 0 196
0.6000 -0.8667 -0.3333 0.0255 0.3475 -0.2484 122 0 132
0.6000 -0.8667 -0.2000 0.1090 0.4402 -0.2728 155 0 99
0.6000 -0.8667 -0.0667 0.2229 0.4910 -0.1167 163 0 91
0.6000 -0.8667 0.0667 0.3477 0.4910 0.1167 183 0 71
0.6000 -0.8667 0.2000 0.4616 0.4402 0.2728 210 0 44
0.6000 -0.8667 0.3333 0.5451 0.3475 0.2484 209 0 45
0.6000 -0.8667 0.4667 0.5837 0.2289 0.0596 188 0 66
0.6000 -0.8667 0.6000 0.5706 0.1048 -0.1686 180 0 74
0.6000 -0.8667 0.7333 0.5082 -0.0032 -0.2853 173 0 81
0.6000 -0.8667 0.8667 0.4073 -0.0765 -0.2132 134 0 120
0.6000 -0.8667 1.0000 0.2853 -0.1025 -0.0000 80 0 174
0.6000 -0.7333 -1.0000 0.2988 -0.0555 0.0000 80 0 174
0.6000 -0.7333 -0.8667 0.1768 -0.0296 0.2372 78 0 176
0.6000 -0.7333 -0.7333 0.0759 0.0437 0.3174 89 0 165
0.6000 -0.7333 -0.6000 0.0135 0.1518 0.1876 60 0 194
0.6000 -0.7333 -0.4667 0.0005 0.2758 -0.0664 74 0 180
0.6000 -0.7333 -0.3333 0.0390 0.3945 -0.2764 140 0 114
0.6000 -0.7333 -0.2000 0.1225 0.4872 -0.3035 174 0 80
0.6000 -0.7333 -0.0667 0.2364 0.5379 -0.1298 179 0 75
0.6000 -0.7333 0.0667 0.3612 0.5379 0.1298 199 0 55
0.6000 -0.7333 0.2000 0.4751 0.4872 0.3035 227 0 27
0.6000 -0.7333 0.3333 0.5586 0.3945 0.2764 224 0 30
0.6000 -0.7333 0.4667 0.5972 0.2758 0.0664 199 0 55
0.6000 -0.7333 0.6000 0.5841 0.1518 -0.1876 189 0 65
0.6000 -0.7333 0.7333 0.5218 0.0437 -0.3174 183 0 71
0.6000 -0.7333 0.8667 0.4208 -0.0296 -0.2372 140 0 114
0.6000 -0.7333 1.0000 0.2988 -0.0555 -0.0000 80 0 174
0.6000 -0.6000 -1.0000 0.2921 -0.0079 0.0000 77 0 177
0.6000 -0.6000 -0.8667 0.1700 0.0180 0.2592 83 0 171
0.6000 -0.6000 -0.7333 0.0691 0.0913 0.3469 101 0 153
0.6000 -0.6000 -0.6000 0.0067 0.1993 0.2050 75 0 179
0.6000 -0.6000 -0.4667 -0.0063 0.3234 -0.0725 90 0 164
0.6000 -0.6000 -0.3333 0.0322 0.4421 -0.3021 157 0 97
0.6000 -0.6000 -0.2000 0.1157 0.5348 -0.3318 192 0 62
0.6000 -0.6000 -0.0667 0.2297 0.5855 -0.1419 193 0 61
0.6000 -0.6000 0.0667 0.3544 0.5855 0.1419 211 0 43
0.6000 -0.6000 0.2000 0.4684 0.5348 0.3318 240 0 14
0.6000 -0.6000 0.3333 0.5519 0.4421 0.3021 234 0 20
0.6000 -0.6000 0.4667 0.5904 0.3234 0.0725 204 0 50
0.6000 -0.6000 0.6000 0.5774 0.1993 -0.2050 193 0 61
0.6000 -0.6000 0.7333 0.5150 0.0913 -0.3469 188 0 66
0.6000 -0.6000 0.8667 0.4141 0.0180 -0.2592 142 0 112
0.6000 -0.6000 1.0000 0.2921 -0.0079 -0.0000 77 0 177
0.6000 -0.4667 -1.0000 0.2619 0.0367 0.0000 67 0 187
0.6000 -0.4667 -0.8667 0.1398 0.0626 0.2783 85 0 169
0.6000 -0.4667 -0.7333 0.0389 0.1359 0.3725 112 0 142
0.6000 -0.4667 -0.6000 -0.0234 0.2440 0.2202 89 0 165
0.6000 -0.4667 -0.4667 -0.0365 0.3680 -0.0779 105 0 149
0.6000 -0.4667 -0.3333 0.0021 0.4867 -0.3244 173 0 81
0.6000 -0.4667 -0.2000 0.0855 0.5794 -0.3562 207 0 47
0.6000 -0.4667 -0.0667 0.1995 0.6301 -0.1523 204 0 50
0.6000 -0.4667 0.0667 0.3242 0.6301 0.1523 220 0 34
0.6000 -0.4667 0.2000 0.4382 0.5794 0.3562 248 0 6
0.6000 -0.4667 0.3333 0.5217 0.4867 0.3244 239 0 15
0.6000 -0.4667 0.4667 0.5602 0.3680 0.0779 203 0 51
0.6000 -0.4667 0.6000 0.5472 0.2440 -0.2202 191 0 63
0.6000 -0.4667 0.7333 0.4848 0.1359 -0.3725 187 0 67
0.6000 -0.4667 0.8667 0.3839 0.0626 -0.2783 138 0 116
0.6000 -0.4667 1.0000 0.2619 0.0367 -0.0000 67 0 187
0.6000 -0.3333 -1.0000 0.2081 0.0746 0.0000 53 0 201
0.6000 -0.3333 -0.8667 0.0861 0.1005 0.2936 86 0 168
0.6000 -0.3333 -0.7333 -0.0148 0.1738 0.3929 122 0 132
0.6000 -0.3333 -0.6000 -0.0772 0.2819 0.2322 103 0 151
0.6000 -0.3333 -0.4667 -0.0903 0.4059 -0.0821 120 0 134
0.6000 -0.3333 -0.3333 -0.0517 0.5246 -0.3421 188 0 66
0.6000 -0.3333 -0.2000 0.0318 0.6173 -0.3757 219 0 35
0.6000 -0.3333 -0.0667 0.1457 0.6680 -0.1607 212 0 42
0.6000 -0.3333 0.0667 0.2705 0.6680 0.1607 224 0 30
0.6000 -0.3333 0.2000 0.3844 0.6173 0.3757 251 0 3
0.6000 -0.3333 0.3333 0.4679 0.5246 0.3421 239 0 15
0.6000 -0.3333 0.4667 0.5065 0.4059 0.0821 196 0 58
0.6000 -0.3333 0.6000 0.4934 0.2819 -0.2322 183 0 71
0.6000 -0.3333 0.7333 0.4310 0.1738 -0.3929 181 0 73
0.6000 -0.3333 0.8667 0.3301 0.1005 -0.2936 130 0 124
0.6000 -0.3333 1.0000 0.2081 0.0746 -0.0000 53 0 201
0.6000 -0.2000 -1.0000 0.1341 0.1022 0.0000 36 0 218
0.6000 -0.2000 -0.8667 0.0120 0.1281 0.3042 89 0 165
0.6000 -0.2000 -0.7333 -0.0889 0.2015 0.4071 133 0 121
0.6000 -0.2000 -0.6000 -0.1513 0.3095 0.2406 119 0 135
0.6000 -0.2000 -0.4667 -0.1643 0.4336 -0.0851 136 0 118
0.6000 -0.2000 -0.3333 -0.1257 0.5522 -0.3545 201 0 53
0.6000 -0.2000 -0.2000 -0.0423 0.6449 -0.3893 230 0 24
0.6000 -0.2000 -0.0667 0.0717 0.6956 -0.1665 218 0 36
0.6000 -0.2000 0.0667 0.1964 0.6956 0.1665 225 0 29
0.6000 -0.2000 0.2000 0.3104 0.6449 0.3893 250 0 4
0.6000 -0.2000 0.3333 0.3939 0.5522 0.3545 233 0 21
0.6000 -0.2000 0.4667 0.4324 0.4336 0.0851 185 0 69
0.6000 -0.2000 0.6000 0.4194 0.3095 -0.2406 170 0 84
0.6000 -0.2000 0.7333 0.3570 0.2015 -0.4071 171 0 83
0.6000 -0.2000 0.8667 0.2561 0.1281 -0.3042 118 0 136
0.6000 -0.2000 1.0000 0.1341 0.1022 -0.0000 36 0 218
0.6000 -0.0667 -1.0000 0.0463 0.1167 0.0000 21 0 233
0.6000 -0.0667 -0.8667 -0.0757 0.1427 0.3097 95 0 159
0.6000 -0.0667 -0.7333 -0.1766 0.2160 0.4144 145 0 109
0.6000 -0.0667 -0.6000 -0.2390 0.3240 0.2449 136 0 118
0.6000 -0.0667 -0.4667 -0.2521 0.4481 -0.0866 152 0 102
0.6000 -0.0667 -0.3333 -0.2135 0.5667 -0.3609 213 0 41
0.6000 -0.0667 -0.2000 -0.1300 0.6595 -0.3963 238 0 16
0.6000 -0.0667 -0.0667 -0.0161 0.7102 -0.1695 222 0 32
0.6000 -0.0667 0.0667 0.1087 0.7102 0.1695 224 0 30
0.6000 -0.0667 0.2000 0.2226 0.6595 0.3963 245 0 9
0.6000 -0.0667 0.3333 0.3061 0.5667 0.3609 224 0 30
0.6000 -0.0667 0.4667 0.3447 0.4481 0.0866 169 0 85
0.6000 -0.0667 0.6000 0.3316 0.3240 -0.2449 153 0 101
0.6000 -0.0667 0.7333 0.2692 0.2160 -0.4144 158 0 96
0.6000 -0.0667 0.8667 0.1683 0.1427 -0.3097 106 0 148
0.6000 -0.0667 1.0000 0.0463 0.1167 -0.0000 21 0 233
0.6000 0.0667 -1.0000 -0.0463 0.1167 0.0000 21 0 233
0.6000 0.0667 -0.8667 -0.1683 0.1427 0.3097 106 0 148
0.6000 0.0667 -0.7333 -0.2692 0.2160 0.4144 158 0 96
0.6000 0.0667 -0.6000 -0.3316 0.3240 0.2449 153 0 101
0.6000 0.0667 -0.4667 -0.3447 0.4481 -0.0866 169 0 85
0.6000 0.0667 -0.3333 -0.3061 0.5667 -0.3609 224 0 30
0.6000 0.0667 -0.2000 -0.2226 0.6595 -0.3963 245 0 9
0.6000 0.0667 -0.0667 -0.1087 0.7102 -0.1695 224 0 30
0.6000 0.0667 0.0667 0.0161 0.7102 0.1695 222 0 32
0.6000 0.0667 0.2000 0.1300 0.6595 0.3963 238 0 16
0.6000 0.0667 0.3333 0.2135 0.5667 0.3609 213 0 41
0.6000 0.0667 0.4667 0.2521 0.4481 0.0866 152 0 102
0.6000 0.0667 0.6000 0.2390 0.3240 -0.2449 136 0 118
0.6000 0.0667 0.7333 0.1766 0.2160 -0.4144 145 0 109
0.6000 0.0667 0.8667 0.0757 0.1427 -0.3097 95 0 159
0.6000 0.0667 1.0000 -0.0463 0.1167 -0.0000 21 0 233
0.6000 0.2000 -1.0000 -0.1341 0.1022 0.0000 36 0 218
0.6000 0.2000 -0.8667 -0.2561 0.1281 0.3042 118 0 136
0.6000 0.2000 -0.7333 -0.3570 0.2015 0.4071 171 0 83
0.6000 0.2000 -0.6000 -0.4194 0.3095 0.2406 170 0 84
0.6000 0.2000 -0.4667 -0.4324 0.4336 -0.0851 185 0 69
0.6000 0.2000 -0.3333 -0.3939 0.5522 -0.3545 233 0 21
0.6000 0.2000 -0.2000 -0.3104 0.6449 -0.3893 250 0 4
0.6000 0.2000 -0.0667 -0.1964 0.6956 -0.1665 225 0 29
0.6000 0.2000 0.0667 -0.0717 0.6956 0.1665 218 0 36
0.6000 0.2000 0.2000 0.0423 0.6449 0.3893 230 0 24
0.6000 0.2000 0.3333 0.1257 0.5522 0.3545 201 0 53
0.6000 0.2000 0.4667 0.1643 0.4336 0.0851 136 0 118
0.6000 0.2000 0.6000 0.1513 0.3095 -0.2406 119 0 135
0.6000 0.2000 0.7333 0.0889 0.2015 -0.4071 133 0 121
0.6000 0.2000 0.8667 -0.0120 0.1281 -0.3042 89 0 165
0.6000 0.2000 1.0000 -0.1341 0.1022 -0.0000 36 0 218
0.6000 0.3333 -1.0000 -0.2081 0.0746 0.0000 53 0 201
0.6000 0.3333 -0.8667 -0.3301 0.1005 0.2936 130 0 124
0.6000 0.3333 -0.7333 -0.4310 0.1738 0.3929 181 0 73
0.6000 0.3333 -0.6000 -0.4934 0.2819 0.2322 183 0 71
0.6000 0.3333 -0.4667 -0.5065 0.4059 -0.0821 196 0 58
0.6000 0.3333 -0.3333 -0.4679 0.5246 -0.3421 239 0 15
0.6000 0.3333 -0.2000 -0.3844 0.6173 -0.3757 251 0 3
0.6000 0.3333 -0.0667 -0.2705 0.6680 -0.1607 224 0 30
0.6000 0.3333 0.0667 -0.1457 0.6680 0.1607 212 0 42
0.6000 0.3333 0.2000 -0.0318 0.6173 0.3757 219 0 35
0.6000 0.3333 0.3333 0.0517 0.5246 0.3421 188 0 66
0.6000 0.3333 0.4667 0.0903 0.4059 0.0821 120 0 134
0.6000 0.3333 0.6000 0.0772 0.2819 -0.2322 103 0 151
0.6000 0.3333 0.7333 0.0148 0.1738 -0.3929 122 0 132
0.6000 0.3333 0.8667 -0.0861 0.1005 -0.2936 86 0 168
0.6000 0.3333 1.0000 -0.2081 0.0746 -0.0000 53 0 201
0.6000 0.4667 -1.0000 -0.2619 0.0367 0.0000 67 0 187
0.6000 0.4667 -0.8667 -0.3839 0.0626 0.2783 138 0 116
0.6000 0.4667 -0.7333 -0.4848 0.1359 0.3725 187 0 67
0.6000 0.4667 -0.6000 -0.5472 0.2440 0.2202 191 0 63
0.6000 0.4667 -0.4667 -0.5602 0.3680 -0.0779 203 0 51
0.6000 0.4667 -0.3333 -0.5217 0.4867 -0.3244 239 0 15
0.6000 0.4667 -0.2000 -0.4382 0.5794 -0.3562 248 0 6
0.6000 0.4667 -0.0667 -0.3242 0.6301 -0.1523 220 0 34
0.6000 0.4667 0.0667 -0.1995 0.6301 0.1523 204 0 50
0.6000 0.4667 0.2000 -0.0855 0.5794 0.3562 207 0 47
0.6000 0.4667 0.3333 -0.0021 0.4867 0.3244 173 0 81
0.6000 0.4667 0.4667 0.0365 0.3680 0.0779 105 0 149
0.6000 0.4667 0.6000 0.0234 0.2440 -0.2202 89 0 165
0.6000 0.4667 0.7333 -0.0389 0.1359 -0.3725 112 0 142
0.6000 0.4667 0.8667 -0.1398 0.0626 -0.2783 85 0 169
0.6000 0.4667 1.0000 -0.2619 0.0367 -0.0000 67 0 187
0.6000 0.6000 -1.0000 -0.2921 -0.0079 0.0000 77 0 177
0.6000 0.6000 -0.8667 -0.4141 0.0180 0.2592 142 0 112
0.6000 0.6000 -0.7333 -0.5150 0.0913 0.3469 188 0 66
0.6000 0.6000 -0.6000 -0.5774 0.1993 0.2050 193 0 61
0.6000 0.6000 -0.4667 -0.5904 0.3234 -0.0725 204 0 50
0.6000 0.6000 -0.3333 -0.5519 0.4421 -0.3021 234 0 20
0.6000 0.6000 -0.2000 -0.4684 0.5348 -0.3318 240 0 14
0.6000 0.6000 -0.0667 -0.3544 0.5855 -0.1419 211 0 43
0.6000 0.6000 0.0667 -0.2297 0.5855 0.1419 193 0 61
0.6000 0.6000 0.2000 -0.1157 0.5348 0.3318 192 0 62
0.6000 0.6000 0.3333 -0.0322 0.4421 0.3021 157 0 97
0.6000 0.6000 0.4667 0.0063 0.3234 0.0725 90 0 164
0.6000 0.6000 0.6000 -0.0067 0.1993 -0.2050 75 0 179
0.6000 0.6000 0.7333 -0.0691 0.0913 -0.3469 101 0 153
0.6000 0.6000 0.8667 -0.1700 0.0180 -0.2592 83 0 171
0.6000 0.6000 1.0000 -0.2921 -0.0079 -0.0000 77 0 177
0.6000 0.7333 -1.0000 -0.2988 -0.0555 0.0000 80 0 174
0.6000 0.7333 -0.8667 -0.4208 -0.0296 0.2372 140 0 114
0.6000 0.7333 -0.7333 -0.5218 0.0437 0.3174 183 0 71
0.6000 0.7333 -0.6000 -0.5841 0.1518 0.1876 189 0 65
0.6000 0.7333 -0.4667 -0.5972 0.2758 -0.0664 199 0 55
0.6000 0.7333 -0.3333 -0.5586 0.3945 -0.2764 224 0 30
0.6000 0.7333 -0.2000 -0.4751 0.4872 -0.3035 227 0 27
0.6000 0.7333 -0.0667 -0.3612 0.5379 -0.1298 199 0 55
0.6000 0.7333 0.0667 -0.2364 0.5379 0.1298 179 0 75
0.6000 0.7333 0.2000 -0.1225 0.4872 0.3035 174 0 80
0.6000 0.7333 0.3333 -0.0390 0.3945 0.2764 140 0 114
0.6000 0.7333 0.4667 -0.0005 0.2758 0.0664 74 0 180
0.6000 0.7333 0.6000 -0.0135 0.1518 -0.1876 60 0 194
0.6000 0.7333 0.7333 -0.0759 0.0437 -0.3174 89 0 165
0.6000 0.7333 0.8667 -0.1768 -0.0296 -0.2372 78 0 176
0.6000 0.7333 1.0000 -0.2988 -0.0555 -0.0000 80 0 174
0.6000 0.8667 -1.0000 -0.2853 -0.1025 0.0000 80 0 174
0.6000 0.8667 -0.8667 -0.4073 -0.0765 0.2132 134 0 120
0.6000 0.8667 -0.7333 -0.5082 -0.0032 0.2853 173 0 81
0.6000 0.8667 -0.6000 -0.5706 0.1048 0.1686 180 0 74
0.6000 0.8667 -0.4667 -0.5837 0.2289 -0.0596 188 0 66
0.6000 0.8667 -0.3333 -0.5451 0.3475 -0.2484 209 0 45
0.6000 0.8667 -0.2000 -0.4616 0.4402 -0.2728 210 0 44
0.6000 0.8667 -0.0667 -0.3477 0.4910 -0.1167 183 0 71
0.6000 0.8667 0.0667 -0.2229 0.4910 0.1167 163 0 91
0.6000 0.8667 0.2000 -0.1090 0.4402 0.2728 155 0 99
0.6000 0.8667 0.3333 -0.0255 0.3475 0.2484 122 0 132
0.6000 0.8667 0.4667 0.0131 0.2289 0.0596 58 0 196
0.6000 0.8667 0.6000 0.0000 0.1048 -0.1686 46 0 208
0.6000 0.8667 0.7333 -0.0624 -0.0032 -0.2853 77 0 177
0.6000 0.8667 0.8667 -0.1633 -0.0765 -0.2132 72 0 182
0.6000 0.8667 1.0000 -0.2853 -0.1025 -0.0000 80 0 174
0.6000 1.0000 -1.0000 -0.2567 -0.1460 0.0000 78 0 176
0.6000 1.0000 -0.8667 -0.3787 -0.1201 0.1882 125 0 129
0.6000 1.0000 -0.7333 -0.4796 -0.0467 0.2519 160 0 94
0.6000 1.0000 -0.6000 -0.5420 0.0613 0.1489 167 0 87
0.6000 1.0000 -0.4667 -0.5550 0.1854 -0.0527 174 0 80
0.6000 1.0000 -0.3333 -0.5165 0.3040 -0.2194 191 0 63
0.6000 1.0000 -0.2000 -0.4330 0.3967 -0.2409 190 0 64
0.6000 1.0000 -0.0667 -0.3190 0.4474 -0.1030 165 0 89
0.6000 1.0000 0.0667 -0.1943 0.4474 0.1030 145 0 109
0.6000 1.0000 0.2000 -0.0803 0.3967 0.2409 136 0 118
0.6000 1.0000 0.3333 0.0031 0.3040 0.2194 104 0 150
0.6000 1.0000 0.4667 0.0417 0.1854 0.0527 45 0 209
0.6000 1.0000 0.6000 0.0287 0.0613 -0.1489 34 0 220
0.6000 1.0000 0.7333 -0.0337 -0.0467 -0.2519 65 0 189
0.6000 1.0000 0.8667 -0.1346 -0.1201 -0.1882 66 0 188
0.6000 1.0000 1.0000 -0.2567 -0.1460 -0.0000 78 0 176
0.7333 -1.0000 -1.0000 0.2149 -0.1424 0.0000 65 0 189
0.7333 -1.0000 -0.8667 0.0928 -0.1165 0.1722 55 0 199
0.7333 -1.0000 -0.7333 -0.0081 -0.0432 0.2305 58 0 196
0.7333 -1.0000 -0.6000 -0.0705 0.0649 0.1362 35 0 219
0.7333 -1.0000 -0.4667 -0.0835 0.1889 -0.0482 50 0 204
0.7333 -1.0000 -0.3333 -0.0449 0.3076 -0.2007 102 0 152
0.7333 -1.0000 -0.2000 0.0385 0.4003 -0.2204 132 0 122
0.7333 -1.0000 -0.0667 0.1525 0.4510 -0.0943 141 0 113
0.7333 -1.0000 0.0667 0.2772 0.4510 0.0943 158 0 96
0.7333 -1.0000 0.2000 0.3912 0.4003 0.2204 179 0 75
0.7333 -1.0000 0.3333 0.4747 0.3076 0.2007 179 0 75
0.7333 -1.0000 0.4667 0.5132 0.1889 0.0482 162 0 92
0.7333 -1.0000 0.6000 0.5002 0.0649 -0.1362 153 0 101
0.7333 -1.0000 0.7333 0.4378 -0.0432 -0.2305 144 0 110
0.7333 -1.0000 0.8667 0.3369 -0.1165 -0.1722 111 0 143
0.7333 -1.0000 1.0000 0.2149 -0.1424 -0.0000 65 0 189
0.7333 -0.8667 -1.0000 0.2388 -0.0979 0.0000 65 0 189
0.7333 -0.8667 -0.8667 0.1168 -0.0720 0.1951 59 0 195
0.7333 -0.8667 -0.7333 0.0159 0.0014 0.2610 66 0 188
0.7333 -0.8667 -0.6000 -0.0465 0.1094 0.1543 44 0 210
0.7333 -0.8667 -0.4667 -0.0595 0.2334 -0.0546 62 0 192
0.7333 -0.8667 -0.3333 -0.0210 0.3521 -0.2273 119 0 135
0.7333 -0.8667 -0.2000 0.0625 0.4448 -0.2496 150 0 104
0.7333 -0.8667 -0.0667 0.1765 0.4955 -0.1068 158 0 96
0.7333 -0.8667 0.0667 0.3012 0.4955 0.1068 175 0 79
0.7333 -0.8667 0.2000 0.4152 0.4448 0.2496 198 0 56
0.7333 -0.8667 0.3333 0.4986 0.3521 0.2273 196 0 58
0.7333 -0.8667 0.4667 0.5372 0.2334 0.0546 175 0 79
0.7333 -0.8667 0.6000 0.5242 0.1094 -0.1543 164 0 90
0.7333 -0.8667 0.7333 0.4618 0.0014 -0.2610 155 0 99
0.7333 -0.8667 0.8667 0.3609 -0.0720 -0.1951 118 0 136
0.7333 -0.8667 1.0000 0.2388 -0.0979 -0.0000 65 0 189
0.7333 -0.7333 -1.0000 0.2501 -0.0499 0.0000 64 0 190
0.7333 -0.7333 -0.8667 0.1281 -0.0239 0.2170 64 0 190
0.7333 -0.7333 -0.7333 0.0272 0.0494 0.2904 78 0 176
0.7333 -0.7333 -0.6000 -0.0352 0.1574 0.1716 58 0 196
0.7333 -0.7333 -0.4667 -0.0482 0.2815 -0.0607 77 0 177
0.7333 -0.7333 -0.3333 -0.0097 0.4001 -0.2529 137 0 117
0.7333 -0.7333 -0.2000 0.0738 0.4929 -0.2777 169 0 85
0.7333 -0.7333 -0.0667 0.1878 0.5436 -0.1188 174 0 80
0.7333 -0.7333 0.0667 0.3125 0.5436 0.1188 191 0 63
0.7333 -0.7333 0.2000 0.4265 0.4929 0.2777 214 0 40
0.7333 -0.7333 0.3333 0.5100 0.4001 0.2529 210 0 44
0.7333 -0.7333 0.4667 0.5485 0.2815 0.0607 185 0 69
0.7333 -0.7333 0.6000 0.5355 0.1574 -0.1716 173 0 81
0.7333 -0.7333 0.7333 0.4731 0.0494 -0.2904 164 0 90
0.7333 -0.7333 0.8667 0.3722 -0.0239 -0.2170 123 0 131
0.7333 -0.7333 1.0000 0.2501 -0.0499 -0.0000 64 0 190
0.7333 -0.6000 -1.0000 0.2445 -0.0012 0.0000 61 0 193
0.7333 -0.6000 -0.8667 0.1225 0.0248 0.2372 69 0 185
0.7333 -0.6000 -0.7333 0.0215 0.0981 0.3174 90 0 164
0.7333 -0.6000 -0.6000 -0.0408 0.2061 0.1876 73 0 181
0.7333 -0.6000 -0.4667 -0.0539 0.3302 -0.0664 93 0 161
0.7333 -0.6000 -0.3333 -0.0153 0.4488 -0.2764 154 0 100
0.7333 -0.6000 -0.2000 0.0681 0.5415 -0.3035 187 0 67
0.7333 -0.6000 -0.0667 0.1821 0.5923 -0.1298 189 0 65
0.7333 -0.6000 0.0667 0.3069 0.5923 0.1298 205 0 49
0.7333 -0.6000 0.2000 0.4208 0.5415 0.3035 228 0 26
0.7333 -0.6000 0.3333 0.5043 0.4488 0.2764 221 0 33
0.7333 -0.6000 0.4667 0.5428 0.3302 0.0664 191 0 63
0.7333 -0.6000 0.6000 0.5298 0.2061 -0.1876 178 0 76
0.7333 -0.6000 0.7333 0.4674 0.0981 -0.3174 170 0 84
0.7333 -0.6000 0.8667 0.3665 0.0248 -0.2372 125 0 129
0.7333 -0.6000 1.0000 0.2445 -0.0012 -0.0000 61 0 193
0.7333 -0.4667 -1.0000 0.2192 0.0445 0.0000 54 0 200
0.7333 -0.4667 -0.8667 0.0972 0.0704 0.2547 73 0 181
0.7333 -0.4667 -0.7333 -0.0037 0.1437 0.3408 102 0 152
0.7333 -0.4667 -0.6000 -0.0661 0.2518 0.2014 89 0 165
0.7333 -0.4667 -0.4667 -0.0791 0.3758 -0.0712 109 0 145
0.7333 -0.4667 -0.3333 -0.0406 0.4945 -0.2968 171 0 83
0.7333 -0.4667 -0.2000 0.0429 0.5872 -0.3259 203 0 51
0.7333 -0.4667 -0.0667 0.1568 0.6379 -0.1394 202 0 52
0.7333 -0.4667 0.0667 0.2816 0.6379 0.1394 215 0 39
0.7333 -0.4667 0.2000 0.3956 0.5872 0.3259 238 0 16
0.7333 -0.4667 0.3333 0.4790 0.4945 0.2968 228 0 26
0.7333 -0.4667 0.4667 0.5176 0.3758 0.0712 193 0 61
0.7333 -0.4667 0.6000 0.5045 0.2518 -0.2014 178 0 76
0.7333 -0.4667 0.7333 0.4422 0.1437 -0.3408 171 0 83
0.7333 -0.4667 0.8667 0.3412 0.0704 -0.2547 123 0 131
0.7333 -0.4667 1.0000 0.2192 0.0445 -0.0000 54 0 200
0.7333 -0.3333 -1.0000 0.1742 0.0833 0.0000 44 0 210
0.7333 -0.3333 -0.8667 0.0522 0.1092 0.2686 77 0 177
0.7333 -0.3333 -0.7333 -0.0487 0.1825 0.3595 114 0 140
0.7333 -0.3333 -0.6000 -0.1111 0.2906 0.2125 105 0 149
0.7333 -0.3333 -0.4667 -0.1241 0.4146 -0.0752 125 0 129
0.7333 -0.3333 -0.3333 -0.0856 0.5333 -0.3130 187 0 67
0.7333 -0.3333 -0.2000 -0.0021 0.6260 -0.3438 216 0 38
0.7333 -0.3333 -0.0667 0.1118 0.6767 -0.1470 212 0 42
0.7333 -0.3333 0.0667 0.2366 0.6767 0.1470 222 0 32
0.7333 -0.3333 0.2000 0.3505 0.6260 0.3438 243 0 11
0.7333 -0.3333 0.3333 0.4340 0.5333 0.3130 230 0 24
0.7333 -0.3333 0.4667 0.4726 0.4146 0.0752 189 0 65
0.7333 -0.3333 0.6000 0.4595 0.2906 -0.2125 173 0 81
0.7333 -0.3333 0.7333 0.3972 0.1825 -0.3595 167 0 87
0.7333 -0.3333 0.8667 0.2962 0.1092 -0.2686 117 0 137
0.7333 -0.3333 1.0000 0.1742 0.0833 -0.0000 44 0 210
0.7333 -0.2000 -1.0000 0.1122 0.1115 0.0000 32 0 222
0.7333 -0.2000 -0.8667 -0.0098 0.1374 0.2783 83 0 171
0.7333 -0.2000 -0.7333 -0.1107 0.2108 0.3725 126 0 128
0.7333 -0.2000 -0.6000 -0.1731 0.3188 0.2202 120 0 134
0.7333 -0.2000 -0.4667 -0.1861 0.4429 -0.0779 141 0 113
0.7333 -0.2000 -0.3333 -0.1476 0.5615 -0.3244 200 0 54
0.7333 -0.2000 -0.2000 -0.0641 0.6542 -0.3562 227 0 27
0.7333 -0.2000 -0.0667 0.0499 0.7049 -0.1523 219 0 35
0.7333 -0.2000 0.0667 0.1746 0.7049 0.1523 226 0 28
0.7333 -0.2000 0.2000 0.2886 0.6542 0.3562 244 0 10
0.7333 -0.2000 0.3333 0.3720 0.5615 0.3244 227 0 27
0.7333 -0.2000 0.4667 0.4106 0.4429 0.0779 181 0 73
0.7333 -0.2000 0.6000 0.3975 0.3188 -0.2202 164 0 90
0.7333 -0.2000 0.7333 0.3352 0.2108 -0.3725 160 0 94
0.7333 -0.2000 0.8667 0.2342 0.1374 -0.2783 109 0 145
0.7333 -0.2000 1.0000 0.1122 0.1115 -0.0000 32 0 222
0.7333 -0.0667 -1.0000 0.0388 0.1264 0.0000 24 0 230
0.7333 -0.0667 -0.8667 -0.0833 0.1523 0.2833 90 0 164
0.7333 -0.0667 -0.7333 -0.1842 0.2257 0.3792 138 0 116
0.7333 -0.0667 -0.6000 -0.2466 0.3337 0.2241 136 0 118
0.7333 -0.0667 -0.4667 -0.2596 0.4578 -0.0793 156 0 98
0.7333 -0.0667 -0.3333 -0.2210 0.5764 -0.3302 212 0 42
0.7333 -0.0667 -0.2000 -0.1376 0.6691 -0.3626 236 0 18
0.7333 -0.0667 -0.0667 -0.0236 0.7198 -0.1551 224 0 30
0.7333 -0.0667 0.0667 0.1011 0.7198 0.1551 226 0 28
0.7333 -0.0667 0.2000 0.2151 0.6691 0.3626 242 0 12
0.7333 -0.0667 0.3333 0.2986 0.5764 0.3302 221 0 33
0.7333 -0.0667 0.4667 0.3371 0.4578 0.0793 170 0 84
0.7333 -0.0667 0.6000 0.3241 0.3337 -0.2241 151 0 103
0.7333 -0.0667 0.7333 0.2617 0.2257 -0.3792 150 0 104
0.7333 -0.0667 0.8667 0.1608 0.1523 -0.2833 99 0 155
0.7333 -0.0667 1.0000 0.0388 0.1264 -0.0000 24 0 230
0.7333 0.0667 -1.0000 -0.0388 0.1264 0.0000 24 0 230
0.7333 0.0667 -0.8667 -0.1608 0.1523 0.2833 99 0 155
0.7333 0.0667 -0.7333 -0.2617 0.2257 0.3792 150 0 104
0.7333 0.0667 -0.6000 -0.3241 0.3337 0.2241 151 0 103
0.7333 0.0667 -0.4667 -0.3371 0.4578 -0.0793 170 0 84
0.7333 0.0667 -0.3333 -0.2986 0.5764 -0.3302 221 0 33
0.7333 0.0667 -0.2000 -0.2151 0.6691 -0.3626 242 0 12
0.7333 0.0667 -0.0667 -0.1011 0.7198 -0.1551 226 0 28
0.7333 0.0667 0.0667 0.0236 0.7198 0.1551 224 0 30
0.7333 0.0667 0.2000 0.1376 0.6691 0.3626 236 0 18
0.7333 0.0667 0.3333 0.2210 0.5764 0.3302 212 0 42
0.7333 0.0667 0.4667 0.2596 0.4578 0.0793 156 0 98
0.7333 0.0667 0.6000 0.2466 0.3337 -0.2241 136 0 118
0.7333 0.0667 0.7333 0.1842 0.2257 -0.3792 138 0 116
0.7333 0.0667 0.8667 0.0833 0.1523 -0.2833 90 0 164
0.7333 0.0667 1.0000 -0.0388 0.1264 -0.0000 24 0 230
0.7333 0.2000 -1.0000 -0.1122 0.1115 0.0000 32 0 222
0.7333 0.2000 -0.8667 -0.2342 0.1374 0.2783 109 0 145
0.7333 0.2000 -0.7333 -0.3352 0.2108 0.3725 160 0 94
0.7333 0.2000 -0.6000 -0.3975 0.3188 0.2202 164 0 90
0.7333 0.2000 -0.4667 -0.4106 0.4429 -0.0779 181 0 73
0.7333 0.2000 -0.3333 -0.3720 0.5615 -0.3244 227 0 27
0.7333 0.2000 -0.2000 -0.2886 0.6542 -0.3562 244 0 10
0.7333 0.2000 -0.0667 -0.1746 0.7049 -0.1523 226 0 28
0.7333 0.2000 0.0667 -0.0499 0.7049 0.1523 219 0 35
0.7333 0.2000 0.2000 0.0641 0.6542 0.3562 227 0 27
0.7333 0.2000 0.3333 0.1476 0.5615 0.3244 200 0 54
0.7333 0.2000 0.4667 0.1861 0.4429 0.0779 141 0 113
0.7333 0.2000 0.6000 0.1731 0.3188 -0.2202 120 0 134
0.7333 0.2000 0.7333 0.1107 0.2108 -0.3725 126 0 128
0.7333 0.2000 0.8667 0.0098 0.1374 -0.2783 83 0 171
0.7333 0.2000 1.0000 -0.1122 0.1115 -0.0000 32 0 222
0.7333 0.3333 -1.0000 -0.1742 0.0833 0.0000 44 0 210
0.7333 0.3333 -0.8667 -0.2962 0.1092 0.2686 117 0 137
0.7333 0.3333 -0.7333 -0.3972 0.1825 0.3595 167 0 87
0.7333 0.3333 -0.6000 -0.4595 0.2906 0.2125 173 0 81
0.7333 0.3333 -0.4667 -0.4726 0.4146 -0.0752 189 0 65
0.7333 0.3333 -0.3333 -0.4340 0.5333 -0.3130 230 0 24
0.7333 0.3333 -0.2000 -0.3505 0.6260 -0.3438 243 0 11
0.7333 0.3333 -0.0667 -0.2366 0.6767 -0.1470 222 0 32
0.7333 0.3333 0.0667 -0.1118 0.6767 0.1470 212 0 42
0.7333 0.3333 0.2000 0.0021 0.6260 0.3438 216 0 38
0.7333 0.3333 0.3333 0.0856 0.5333 0.3130 187 0 67
0.7333 0.3333 0.4667 0.1241 0.4146 0.0752 125 0 129
0.7333 0.3333 0.6000 0.1111 0.2906 -0.2125 105 0 149
0.7333 0.3333 0.7333 0.0487 0.1825 -0.3595 114 0 140
0.7333 0.3333 0.8667 -0.0522 0.1092 -0.2686 77 0 177
0.7333 0.3333 1.0000 -0.1742 0.0833 -0.0000 44 0 210
0.7333 0.4667 -1.0000 -0.2192 0.0445 0.0000 54 0 200
0.7333 0.4667 -0.8667 -0.3412 0.0704 0.2547 123 0 131
0.7333 0.4667 -0.7333 -0.4422 0.1437 0.3408 171 0 83
0.7333 0.4667 -0.6000 -0.5045 0.2518 0.2014 178 0 76
0.7333 0.4667 -0.4667 -0.5176 0.3758 -0.0712 193 0 61
0.7333 0.4667 -0.3333 -0.4790 0.4945 -0.2968 228 0 26
0.7333 0.4667 -0.2000 -0.3956 0.5872 -0.3259 238 0 16
0.7333 0.4667 -0.0667 -0.2816 0.6379 -0.1394 215 0 39
0.7333 0.4667 0.0667 -0.1568 0.6379 0.1394 202 0 52
0.7333 0.4667 0.2000 -0.0429 0.5872 0.3259 203 0 51
0.7333 0.4667 0.3333 0.0406 0.4945 0.2968 171 0 83
0.7333 0.4667 0.4667 0.0791 0.3758 0.0712 109 0 145
0.7333 0.4667 0.6000 0.0661 0.2518 -0.2014 89 0 165
0.7333 0.4667 0.7333 0.0037 0.1437 -0.3408 102 0 152
0.7333 0.4667 0.8667 -0.0972 0.0704 -0.2547 73 0 181
0.7333 0.4667 1.0000 -0.2192 0.0445 -0.0000 54 0 200
0.7333 0.6000 -1.0000 -0.2445 -0.0012 0.0000 61 0 193
0.7333 0.6000 -0.8667 -0.3665 0.0248 0.2372 125 0 129
0.7333 0.6000 -0.7333 -0.4674 0.0981 0.3174 170 0 84
0.7333 0.6000 -0.6000 -0.5298 0.2061 0.1876 178 0 76
0.7333 0.6000 -0.4667 -0.5428 0.3302 -0.0664 191 0 63
0.7333 0.6000 -0.3333 -0.5043 0.4488 -0.2764 221 0 33
0.7333 0.6000 -0.2000 -0.4208 0.5415 -0.3035 228 0 26
0.7333 0.6000 -0.0667 -0.3069 0.5923 -0.1298 205 0 49
0.7333 0.6000 0.0667 -0.1821 0.5923 0.1298 189 0 65
0.7333 0.6000 0.2000 -0.0681 0.5415 0.3035 187 0 67
0.7333 0.6000 0.3333 0.0153 0.4488 0.2764 154 0 100
0.7333 0.6000 0.4667 0.0539 0.3302 0.0664 93 0 161
0.7333 0.6000 0.6000 0.0408 0.2061 -0.1876 73 0 181
0.7333 0.6000 0.7333 -0.0215 0.0981 -0.3174 90 0 164
0.7333 0.6000 0.8667 -0.1225 0.0248 -0.2372 69 0 185
0.7333 0.6000 1.0000 -0.2445 -0.0012 -0.0000 61 0 193
0.7333 0.7333 -1.0000 -0.2501 -0.0499 0.0000 64 0 190
0.7333 0.7333 -0.8667 -0.3722 -0.0239 0.2170 123 0 131
0.7333 0.7333 -0.7333 -0.4731 0.0494 0.2904 164 0 90
0.7333 0.7333 -0.6000 -0.5355 0.1574 0.1716 173 0 81
0.7333 0.7333 -0.4667 -0.5485 0.2815 -0.0607 185 0 69
0.7333 0.7333 -0.3333 -0.5100 0.4001 -0.2529 210 0 44
0.7333 0.7333 -0.2000 -0.4265 0.4929 -0.2777 214 0 40
0.7333 0.7333 -0.0667 -0.3125 0.5436 -0.1188 191 0 63
0.7333 0.7333 0.0667 -0.1878 0.5436 0.1188 174 0 80
0.7333 0.7333 0.2000 -0.0738 0.4929 0.2777 169 0 85
0.7333 0.7333 0.3333 0.0097 0.4001 0.2529 137 0 117
0.7333 0.7333 0.4667 0.0482 0.2815 0.0607 77 0 177
0.7333 0.7333 0.6000 0.0352 0.1574 -0.1716 58 0 196
0.7333 0.7333 0.7333 -0.0272 0.0494 -0.2904 78 0 176
0.7333 0.7333 0.8667 -0.1281 -0.0239 -0.2170 64 0 190
0.7333 0.7333 1.0000 -0.2501 -0.0499 -0.0000 64 0 190
0.7333 0.8667 -1.0000 -0.2388 -0.0979 0.0000 65 0 189
0.7333 0.8667 -0.8667 -0.3609 -0.0720 0.1951 118 0 136
0.7333 0.8667 -0.7333 -0.4618 0.0014 0.2610 155 0 99
0.7333 0.8667 -0.6000 -0.5242 0.1094 0.1543 164 0 90
0.7333 0.8667 -0.4667 -0.5372 0.2334 -0.0546 175 0 79
0.7333 0.8667 -0.3333 -0.4986 0.3521 -0.2273 196 0 58
0.7333 0.8667 -0.2000 -0.4152 0.4448 -0.2496 198 0 56
0.7333 0.8667 -0.0667 -0.3012 0.4955 -0.1068 175 0 79
0.7333 0.8667 0.0667 -0.1765 0.4955 0.1068 158 0 96
0.7333 0.8667 0.2000 -0.0625 0.4448 0.2496 150 0 104
0.7333 0.8667 0.3333 0.0210 0.3521 0.2273 119 0 135
0.7333 0.8667 0.4667 0.0595 0.2334 0.0546 62 0 192
0.7333 0.8667 0.6000 0.0465 0.1094 -0.1543 44 0 210
0.7333 0.8667 0.7333 -0.0159 0.0014 -0.2610 66 0 188
0.7333 0.8667 0.8667 -0.1168 -0.0720 -0.1951 59 0 195
0.7333 0.8667 1.0000 -0.2388 -0.0979 -0.0000 65 0 189
0.7333 1.0000 -1.0000 -0.2149 -0.1424 0.0000 65 0 189
0.7333 1.0000 -0.8667 -0.3369 -0.1165 0.1722 111 0 143
0.7333 1.0000 -0.7333 -0.4378 -0.0432 0.2305 144 0 110
0.7333 1.0000 -0.6000 -0.5002 0.0649 0.1362 153 0 101
0.7333 1.0000 -0.4667 -0.5132 0.1889 -0.0482 162 0 92
0.7333 1.0000 -0.3333 -0.4747 0.3076 -0.2007 179 0 75
0.7333 1.0000 -0.2000 -0.3912 0.4003 -0.2204 179 0 75
0.7333 1.0000 -0.0667 -0.2772 0.4510 -0.0943 158 0 96
0.7333 1.0000 0.0667 -0.1525 0.4510 0.0943 141 0 113
0.7333 1.0000 0.2000 -0.0385 0.4003 0.2204 132 0 122
0.7333 1.0000 0.3333 0.0449 0.3076 0.2007 102 0 152
0.7333 1.0000 0.4667 0.0835 0.1889 0.0482 50 0 204
0.7333 1.0000 0.6000 0.0705 0.0649 -0.1362 35 0 219
0.7333 1.0000 0.7333 0.0081 -0.0432 -0.2305 58 0 196
0.7333 1.0000 0.8667 -0.0928 -0.1165 -0.1722 55 0 199
0.7333 1.0000 1.0000 -0.2149 -0.1424 -0.0000 65 0 189
0.8667 -1.0000 -1.0000 0.1736 -0.1496 0.0000 56 0 198
0.8667 -1.0000 -0.8667 0.0516 -0.1236 0.1548 48 0 206
0.8667 -1.0000 -0.7333 -0.0494 -0.0503 0.2072 52 0 202
0.8667 -1.0000 -0.6000 -0.1117 0.0577 0.1224 38 0 216
0.8667 -1.0000 -0.4667 -0.1248 0.1818 -0.0433 54 0 200
0.8667 -1.0000 -0.3333 -0.0862 0.3004 -0.1804 99 0 155
0.8667 -1.0000 -0.2000 -0.0028 0.3931 -0.1981 126 0 128
0.8667 -1.0000 -0.0667 0.1112 0.4439 -0.0847 134 0 120
0.8667 -1.0000 0.0667 0.2360 0.4439 0.0847 149 0 105
0.8667 -1.0000 0.2000 0.3499 0.3931 0.1981 166 0 88
0.8667 -1.0000 0.3333 0.4334 0.3004 0.1804 164 0 90
0.8667 -1.0000 0.4667 0.4719 0.1818 0.0433 148 0 106
0.8667 -1.0000 0.6000 0.4589 0.0577 -0.1224 138 0 116
0.8667 -1.0000 0.7333 0.3965 -0.0503 -0.2072 129 0 125
0.8667 -1.0000 0.8667 0.2956 -0.1236 -0.1548 98 0 156
0.8667 -1.0000 1.0000 0.1736 -0.1496 -0.0000 56 0 198
0.8667 -0.8667 -1.0000 0.1930 -0.1070 0.0000 53 0 201
0.8667 -0.8667 -0.8667 0.0709 -0.0811 0.1753 48 0 206
0.8667 -0.8667 -0.7333 -0.0300 -0.0078 0.2346 58 0 196
0.8667 -0.8667 -0.6000 -0.0924 0.1002 0.1387 44 0 210
0.8667 -0.8667 -0.4667 -0.1054 0.2243 -0.0491 63 0 191
0.8667 -0.8667 -0.3333 -0.0669 0.3430 -0.2043 114 0 140
0.8667 -0.8667 -0.2000 0.0166 0.4357 -0.2244 142 0 112
0.8667 -0.8667 -0.0667 0.1306 0.4864 -0.0960 150 0 104
0.8667 -0.8667 0.0667 0.2553 0.4864 0.0960 164 0 90
0.8667 -0.8667 0.2000 0.3693 0.4357 0.2244 183 0 71
0.8667 -0.8667 0.3333 0.4528 0.3430 0.2043 180 0 74
0.8667 -0.8667 0.4667 0.4913 0.2243 0.0491 159 0 95
0.8667 -0.8667 0.6000 0.4783 0.1002 -0.1387 148 0 106
0.8667 -0.8667 0.7333 0.4159 -0.0078 -0.2346 138 0 116
0.8667 -0.8667 0.8667 0.3150 -0.0811 -0.1753 102 0 152
0.8667 -0.8667 1.0000 0.1930 -0.1070 -0.0000 53 0 201
0.8667 -0.7333 -1.0000 0.2021 -0.0612 0.0000 50 0 204
0.8667 -0.7333 -0.8667 0.0801 -0.0352 0.1951 51 0 203
0.8667 -0.7333 -0.7333 -0.0209 0.0381 0.2610 67 0 187
0.8667 -0.7333 -0.6000 -0.0832 0.1461 0.1543 55 0 199
0.8667 -0.7333 -0.4667 -0.0963 0.2702 -0.0546 76 0 178
0.8667 -0.7333 -0.3333 -0.0577 0.3888 -0.2273 130 0 124
0.8667 -0.7333 -0.2000 0.0258 0.4815 -0.2496 160 0 94
0.8667 -0.7333 -0.0667 0.1397 0.5323 -0.1068 165 0 89
0.8667 -0.7333 0.0667 0.2645 0.5323 0.1068 180 0 74
0.8667 -0.7333 0.2000 0.3784 0.4815 0.2496 199 0 55
0.8667 -0.7333 0.3333 0.4619 0.3888 0.2273 193 0 61
0.8667 -0.7333 0.4667 0.5004 0.2702 0.0546 169 0 85
0.8667 -0.7333 0.6000 0.4874 0.1461 -0.1543 156 0 98
0.8667 -0.7333 0.7333 0.4250 0.0381 -0.2610 145 0 109
0.8667 -0.7333 0.8667 0.3241 -0.0352 -0.1951 106 0 148
0.8667 -0.7333 1.0000 0.2021 -0.0612 -0.0000 50 0 204
0.8667 -0.6000 -1.0000 0.1975 -0.0147 0.0000 45 0 209
0.8667 -0.6000 -0.8667 0.0755 0.0112 0.2132 55 0 199
0.8667 -0.6000 -0.7333 -0.0254 0.0846 0.2853 79 0 175
0.8667 -0.6000 -0.6000 -0.0878 0.1926 0.1686 69 0 185
0.8667 -0.6000 -0.4667 -0.1008 0.3167 -0.0596 92 0 162
0.8667 -0.6000 -0.3333 -0.0623 0.4353 -0.2484 147 0 107
0.8667 -0.6000 -0.2000 0.0212 0.5280 -0.2728 177 0 77
0.8667 -0.6000 -0.0667 0.1351 0.5787 -0.1167 180 0 74
0.8667 -0.6000 0.0667 0.2599 0.5787 0.1167 193 0 61
0.8667 -0.6000 0.2000 0.3739 0.5280 0.2728 212 0 42
0.8667 -0.6000 0.3333 0.4573 0.4353 0.2484 204 0 50
0.8667 -0.6000 0.4667 0.4959 0.3167 0.0596 176 0 78
0.8667 -0.6000 0.6000 0.4828 0.1926 -0.1686 161 0 93
0.8667 -0.6000 0.7333 0.4205 0.0846 -0.2853 150 0 104
0.8667 -0.6000 0.8667 0.3195 0.0112 -0.2132 107 0 147
0.8667 -0.6000 1.0000 0.1975 -0.0147 -0.0000 45 0 209
0.8667 -0.4667 -1.0000 0.1771 0.0289 0.0000 39 0 215
0.8667 -0.4667 -0.8667 0.0551 0.0548 0.2289 60 0 194
0.8667 -0.4667 -0.7333 -0.0458 0.1282 0.3063 91 0 163
0.8667 -0.4667 -0.6000 -0.1082 0.2362 0.1810 85 0 169
0.8667 -0.4667 -0.4667 -0.1213 0.3603 -0.0640 107 0 147
0.8667 -0.4667 -0.3333 -0.0827 0.4789 -0.2668 163 0 91
0.8667 -0.4667 -0.2000 0.0008 0.5716 -0.2929 193 0 61
0.8667 -0.4667 -0.0667 0.1147 0.6223 -0.1253 193 0 61
0.8667 -0.4667 0.0667 0.2395 0.6223 0.1253 204 0 50
0.8667 -0.4667 0.2000 0.3534 0.5716 0.2929 223 0 31
0.8667 -0.4667 0.3333 0.4369 0.4789 0.2668 212 0 42
0.8667 -0.4667 0.4667 0.4755 0.3603 0.0640 178 0 76
0.8667 -0.4667 0.6000 0.4624 0.2362 -0.1810 162 0 92
0.8667 -0.4667 0.7333 0.4000 0.1282 -0.3063 152 0 102
0.8667 -0.4667 0.8667 0.2991 0.0548 -0.2289 106 0 148
0.8667 -0.4667 1.0000 0.1771 0.0289 -0.0000 39 0 215
0.8667 -0.3333 -1.0000 0.1407 0.0659 0.0000 31 0 223
0.8667 -0.3333 -0.8667 0.0187 0.0919 0.2414 66 0 188
0.8667 -0.3333 -0.7333 -0.0822 0.1652 0.3231 103 0 151
0.8667 -0.3333 -0.6000 -0.1446 0.2732 0.1910 100 0 154
0.8667 -0.3333 -0.4667 -0.1576 0.3973 -0.0675 123 0 131
0.8667 -0.3333 -0.3333 -0.1191 0.5159 -0.2814 178 0 76
0.8667 -0.3333 -0.2000 -0.0356 0.6086 -0.3090 206 0 48
0.8667 -0.3333 -0.0667 0.0784 0.6594 -0.1321 204 0 50
0.8667 -0.3333 0.0667 0.2031 0.6594 0.1321 212 0 42
0.8667 -0.3333 0.2000 0.3171 0.6086 0.3090 229 0 25
0.8667 -0.3333 0.3333 0.4005 0.5159 0.2814 215 0 39
0.8667 -0.3333 0.4667 0.4391 0.3973 0.0675 177 0 77
0.8667 -0.3333 0.6000 0.4261 0.2732 -0.1910 159 0 95
0.8667 -0.3333 0.7333 0.3637 0.1652 -0.3231 150 0 104
0.8667 -0.3333 0.8667 0.2628 0.0919 -0.2414 102 0 152
0.8667 -0.3333 1.0000 0.1407 0.0659 -0.0000 31 0 223
0.8667 -0.2000 -1.0000 0.0907 0.0929 0.0000 23 0 231
0.8667 -0.2000 -0.8667 -0.0314 0.1188 0.2502 72 0 182
0.8667 -0.2000 -0.7333 -0.1323 0.1922 0.3348 115 0 139
0.8667 -0.2000 -0.6000 -0.1946 0.3002 0.1979 115 0 139
0.8667 -0.2000 -0.4667 -0.2077 0.4243 -0.0700 138 0 116
0.8667 -0.2000 -0.3333 -0.1691 0.5429 -0.2915 191 0 63
0.8667 -0.2000 -0.2000 -0.0857 0.6356 -0.3202 217 0 37
0.8667 -0.2000 -0.0667 0.0283 0.6863 -0.1369 212 0 42
0.8667 -0.2000 0.0667 0.1530 0.6863 0.1369 217 0 37
0.8667 -0.2000 0.2000 0.2670 0.6356 0.3202 232 0 22
0.8667 -0.2000 0.3333 0.3505 0.5429 0.2915 215 0 39
0.8667 -0.2000 0.4667 0.3890 0.4243 0.0700 172 0 82
0.8667 -0.2000 0.6000 0.3760 0.3002 -0.1979 152 0 102
0.8667 -0.2000 0.7333 0.3136 0.1922 -0.3348 145 0 109
0.8667 -0.2000 0.8667 0.2127 0.1188 -0.2502 95 0 159
0.8667 -0.2000 1.0000 0.0907 0.0929 -0.0000 23 0 231
0.8667 -0.0667 -1.0000 0.0313 0.1071 0.0000 17 0 237
0.8667 -0.0667 -0.8667 -0.0907 0.1331 0.2547 80 0 174
0.8667 -0.0667 -0.7333 -0.1916 0.2064 0.3408 126 0 128
0.8667 -0.0667 -0.6000 -0.2540 0.3144 0.2014 129 0 125
0.8667 -0.0667 -0.4667 -0.2670 0.4385 -0.0712 151 0 103
0.8667 -0.0667 -0.3333 -0.2285 0.5571 -0.2968 202 0 52
0.8667 -0.0667 -0.2000 -0.1450 0.6498 -0.3259 225 0 29
0.8667 -0.0667 -0.0667 -0.0311 0.7006 -0.1394 217 0 37
0.8667 -0.0667 0.0667 0.0937 0.7006 0.1394 218 0 36
0.8667 -0.0667 0.2000 0.2077 0.6498 0.3259 230 0 24
0.8667 -0.0667 0.3333 0.2911 0.5571 0.2968 210 0 44
0.8667 -0.0667 0.4667 0.3297 0.4385 0.0712 163 0 91
0.8667 -0.0667 0.6000 0.3166 0.3144 -0.2014 142 0 112
0.8667 -0.0667 0.7333 0.2543 0.2064 -0.3408 136 0 118
0.8667 -0.0667 0.8667 0.1533 0.1331 -0.2547 88 0 166
0.8667 -0.0667 1.0000 0.0313 0.1071 -0.0000 17 0 237
0.8667 0.0667 -1.0000 -0.0313 0.1071 0.0000 17 0 237
0.8667 0.0667 -0.8667 -0.1533 0.1331 0.2547 88 0 166
0.8667 0.0667 -0.7333 -0.2543 0.2064 0.3408 136 0 118
0.8667 0.0667 -0.6000 -0.3166 0.3144 0.2014 142 0 112
0.8667 0.0667 -0.4667 -0.3297 0.4385 -0.0712 163 0 91
0.8667 0.0667 -0.3333 -0.2911 0.5571 -0.2968 210 0 44
0.8667 0.0667 -0.2000 -0.2077 0.6498 -0.3259 230 0 24
0.8667 0.0667 -0.0667 -0.0937 0.7006 -0.1394 218 0 36
0.8667 0.0667 0.0667 0.0311 0.7006 0.1394 217 0 37
0.8667 0.0667 0.2000 0.1450 0.6498 0.3259 225 0 29
0.8667 0.0667 0.3333 0.2285 0.5571 0.2968 202 0 52
0.8667 0.0667 0.4667 0.2670 0.4385 0.0712 151 0 103
0.8667 0.0667 0.6000 0.2540 0.3144 -0.2014 129 0 125
0.8667 0.0667 0.7333 0.1916 0.2064 -0.3408 126 0 128
0.8667 0.0667 0.8667 0.0907 0.1331 -0.2547 80 0 174
0.8667 0.0667 1.0000 -0.0313 0.1071 -0.0000 17 0 237
0.8667 0.2000 -1.0000 -0.0907 0.0929 0.0000 23 0 231
0.8667 0.2000 -0.8667 -0.2127 0.1188 0.2502 95 0 159
0.8667 0.2000 -0.7333 -0.3136 0.1922 0.3348 145 0 109
0.8667 0.2000 -0.6000 -0.3760 0.3002 0.1979 152 0 102
0.8667 0.2000 -0.4667 -0.3890 0.4243 -0.0700 172 0 82
0.8667 0.2000 -0.3333 -0.3505 0.5429 -0.2915 215 0 39
0.8667 0.2000 -0.2000 -0.2670 0.6356 -0.3202 232 0 22
0.8667 0.2000 -0.0667 -0.1530 0.6863 -0.1369 217 0 37
0.8667 0.2000 0.0667 -0.0283 0.6863 0.1369 212 0 42
0.8667 0.2000 0.2000 0.0857 0.6356 0.3202 217 0 37
0.8667 0.2000 0.3333 0.1691 0.5429 0.2915 191 0 63
0.8667 0.2000 0.4667 0.2077 0.4243 0.0700 138 0 116
0.8667 0.2000 0.6000 0.1946 0.3002 -0.1979 115 0 139
0.8667 0.2000 0.7333 0.1323 0.1922 -0.3348 115 0 139
0.8667 0.2000 0.8667 0.0314 0.1188 -0.2502 72 0 182
0.8667 0.2000 1.0000 -0.0907 0.0929 -0.0000 23 0 231
0.8667 0.3333 -1.0000 -0.1407 0.0659 0.0000 31 0 223
0.8667 0.3333 -0.8667 -0.2628 0.0919 0.2414 102 0 152
0.8667 0.3333 -0.7333 -0.3637 0.1652 0.3231 150 0 104
0.8667 0.3333 -0.6000 -0.4261 0.2732 0.1910 159 0 95
0.8667 0.3333 -0.4667 -0.4391 0.3973 -0.0675 177 0 77
0.8667 0.3333 -0.3333 -0.4005 0.5159 -0.2814 215 0 39
0.8667 0.3333 -0.2000 -0.3171 0.6086 -0.3090 229 0 25
0.8667 0.3333 -0.0667 -0.2031 0.6594 -0.1321 212 0 42
0.8667 0.3333 0.0667 -0.0784 0.6594 0.1321 204 0 50
0.8667 0.3333 0.2000 0.0356 0.6086 0.3090 206 0 48
0.8667 0.3333 0.3333 0.1191 0.5159 0.2814 178 0 76
0.8667 0.3333 0.4667 0.1576 0.3973 0.0675 123 0 131
0.8667 0.3333 0.6000 0.1446 0.2732 -0.1910 100 0 154
0.8667 0.3333 0.7333 0.0822 0.1652 -0.3231 103 0 151
0.8667 0.3333 0.8667 -0.0187 0.0919 -0.2414 66 0 188
0.8667 0.3333 1.0000 -0.1407 0.0659 -0.0000 31 0 223
0.8667 0.4667 -1.0000 -0.1771 0.0289 0.0000 39 0 215
0.8667 0.4667 -0.8667 -0.2991 0.0548 0.2289 106 0 148
0.8667 0.4667 -0.7333 -0.4000 0.1282 0.3063 152 0 102
0.8667 0.4667 -0.6000 -0.4624 0.2362 0.1810 162 0 92
0.8667 0.4667 -0.4667 -0.4755 0.3603 -0.0640 178 0 76
0.8667 0.4667 -0.3333 -0.4369 0.4789 -0.2668 212 0 42
0.8667 0.4667 -0.2000 -0.3534 0.5716 -0.2929 223 0 31
0.8667 0.4667 -0.0667 -0.2395 0.6223 -0.1253 204 0 50
0.8667 0.4667 0.0667 -0.1147 0.6223 0.1253 193 0 61
0.8667 0.4667 0.2000 -0.0008 0.5716 0.2929 193 0 61
0.8667 0.4667 0.3333 0.0827 0.4789 0.2668 163 0 91
0.8667 0.4667 0.4667 0.1213 0.3603 0.0640 107 0 147
0.8667 0.4667 0.6000 0.1082 0.2362 -0.1810 85 0 169
0.8667 0.4667 0.7333 0.0458 0.1282 -0.3063 91 0 163
0.8667 0.4667 0.8667 -0.0551 0.0548 -0.2289 60 0 194
0.8667 0.4667 1.0000 -0.1771 0.0289 -0.0000 39 0 215
0.8667 0.6000 -1.0000 -0.1975 -0.0147 0.0000 45 0 209
0.8667 0.6000 -0.8667 -0.3195 0.0112 0.2132 107 0 147
0.8667 0.6000 -0.7333 -0.4205 0.0846 0.2853 150 0 104
0.8667 0.6000 -0.6000 -0.4828 0.1926 0.1686 161 0 93
0.8667 0.6000 -0.4667 -0.4959 0.3167 -0.0596 176 0 78
0.8667 0.6000 -0.3333 -0.4573 0.4353 -0.2484 204 0 50
0.8667 0.6000 -0.2000 -0.3739 0.5280 -0.2728 212 0 42
0.8667 0.6000 -0.0667 -0.2599 0.5787 -0.1167 193 0 61
0.8667 0.6000 0.0667 -0.1351 0.5787 0.1167 180 0 74
0.8667 0.6000 0.2000 -0.0212 0.5280 0.2728 177 0 77
0.8667 0.6000 0.3333 0.0623 0.4353 0.2484 147 0 107
0.8667 0.6000 0.4667 0.1008 0.3167 0.0596 92 0 162
0.8667 0.6000 0.6000 0.0878 0.1926 -0.1686 69 0 185
0.8667 0.6000 0.7333 0.0254 0.0846 -0.2853 79 0 175
0.8667 0.6000 0.8667 -0.0755 0.0112 -0.2132 55 0 199
0.8667 0.6000 1.0000 -0.1975 -0.0147 -0.0000 45 0 209
0.8667 0.7333 -1.0000 -0.2021 -0.0612 0.0000 50 0 204
0.8667 0.7333 -0.8667 -0.3241 -0.0352 0.1951 106 0 148
0.8667 0.7333 -0.7333 -0.4250 0.0381 0.2610 145 0 109
0.8667 0.7333 -0.6000 -0.4874 0.1461 0.1543 156 0 98
0.8667 0.7333 -0.4667 -0.5004 0.2702 -0.0546 169 0 85
0.8667 0.7333 -0.3333 -0.4619 0.3888 -0.2273 193 0 61
0.8667 0.7333 -0.2000 -0.3784 0.4815 -0.2496 199 0 55
0.8667 0.7333 -0.0667 -0.2645 0.5323 -0.1068 180 0 74
0.8667 0.7333 0.0667 -0.1397 0.5323 0.1068 165 0 89
0.8667 0.7333 0.2000 -0.0258 0.4815 0.2496 160 0 94
0.8667 0.7333 0.3333 0.0577 0.3888 0.2273 130 0 124
0.8667 0.7333 0.4667 0.0963 0.2702 0.0546 76 0 178
0.8667 0.7333 0.6000 0.0832 0.1461 -0.1543 55 0 199
0.8667 0.7333 0.7333 0.0209 0.0381 -0.2610 67 0 187
0.8667 0.7333 0.8667 -0.0801 -0.0352 -0.1951 51 0 203
0.8667 0.7333 1.0000 -0.2021 -0.0612 -0.0000 50 0 204
0.8667 0.8667 -1.0000 -0.1930 -0.1070 0.0000 53 0 201
0.8667 0.8667 -0.8667 -0.3150 -0.0811 0.1753 102 0 152
0.8667 0.8667 -0.7333 -0.4159 -0.0078 0.2346 138 0 116
0.8667 0.8667 -0.6000 -0.4783 0.1002 0.1387 148 0 106
0.8667 0.8667 -0.4667 -0.4913 0.2243 -0.0491 159 0 95
0.8667 0.8667 -0.3333 -0.4528 0.3430 -0.2043 180 0 74
0.8667 0.8667 -0.2000 -0.3693 0.4357 -0.2244 183 0 71
0.8667 0.8667 -0.0667 -0.2553 0.4864 -0.0960 164 0 90
0.8667 0.8667 0.0667 -0.1306 0.4864 0.0960 150 0 104
0.8667 0.8667 0.2000 -0.0166 0.4357 0.2244 142 0 112
0.8667 0.8667 0.3333 0.0669 0.3430 0.2043 114 0 140
0.8667 0.8667 0.4667 0.1054 0.2243 0.0491 63 0 191
0.8667 0.8667 0.6000 0.0924 0.1002 -0.1387 44 0 210
0.8667 0.8667 0.7333 0.0300 -0.0078 -0.2346 58 0 196
0.8667 0.8667 0.8667 -0.0709 -0.0811 -0.1753 48 0 206
0.8667 0.8667 1.0000 -0.1930 -0.1070 -0.0000 53 0 201
0.8667 1.0000 -1.0000 -0.1736 -0.1496 0.0000 56 0 198
0.8667 1.0000 -0.8667 -0.2956 -0.1236 0.1548 98 0 156
0.8667 1.0000 -0.7333 -0.3965 -0.0503 0.2072 129 0 125
0.8667 1.0000 -0.6000 -0.4589 0.0577 0.1224 138 0 116
0.8667 1.0000 -0.4667 -0.4719 0.1818 -0.0433 148 0 106
0.8667 1.0000 -0.3333 -0.4334 0.3004 -0.1804 164 0 90
0.8667 1.0000 -0.2000 -0.3499 0.3931 -0.1981 166 0 88
0.8667 1.0000 -0.0667 -0.2360 0.4439 -0.0847 149 0 105
0.8667 1.0000 0.0667 -0.1112 0.4439 0.0847 134 0 120
0.8667 1.0000 0.2000 0.0028 0.3931 0.1981 126 0 128
0.8667 1.0000 0.3333 0.0862 0.3004 0.1804 99 0 155
0.8667 1.0000 0.4667 0.1248 0.1818 0.0433 54 0 200
0.8667 1.0000 0.6000 0.1117 0.0577 -0.1224 38 0 216
0.8667 1.0000 0.7333 0.0494 -0.0503 -0.2072 52 0 202
0.8667 1.0000 0.8667 -0.0516 -0.1236 -0.1548 48 0 206
0.8667 1.0000 1.0000 -0.1736 -0.1496 -0.0000 56 0 198
1.0000 -1.0000 -1.0000 0.1353 -0.1647 0.0000 50 0 204
1.0000 -1.0000 -0.8667 0.0133 -0.1387 0.1367 44 0 210
1.0000 -1.0000 -0.7333 -0.0876 -0.0654 0.1829 50 0 204
1.0000 -1.0000 -0.6000 -0.1500 0.0426 0.1081 43 0 211
1.0000 -1.0000 -0.4667 -0.1630 0.1667 -0.0382 58 0 196
1.0000 -1.0000 -0.3333 -0.1245 0.2853 -0.1593 96 0 158
1.0000 -1.0000 -0.2000 -0.0410 0.3780 -0.1749 118 0 136
1.0000 -1.0000 -0.0667 0.0730 0.4288 -0.0748 126 0 128
1.0000 -1.0000 0.0667 0.1977 0.4288 0.0748 138 0 116
1.0000 -1.0000 0.2000 0.3117 0.3780 0.1749 152 0 102
1.0000 -1.0000 0.3333 0.3951 0.2853 0.1593 150 0 104
1.0000 -1.0000 0.4667 0.4337 0.1667 0.0382 134 0 120
1.0000 -1.0000 0.6000 0.4207 0.0426 -0.1081 124 0 130
1.0000 -1.0000 0.7333 0.3583 -0.0654 -0.1829 115 0 139
1.0000 -1.0000 0.8667 0.2574 -0.1387 -0.1367 87 0 167
1.0000 -1.0000 1.0000 0.1353 -0.1647 -0.0000 50 0 204
1.0000 -0.8667 -1.0000 0.1504 -0.1264 0.0000 45 0 209
1.0000 -0.8667 -0.8667 0.0284 -0.1005 0.1548 42 0 212
1.0000 -0.8667 -0.7333 -0.0725 -0.0272 0.2072 53 0 201
1.0000 -0.8667 -0.6000 -0.1349 0.0809 0.1224 46 0 208
1.0000 -0.8667 -0.4667 -0.1479 0.2049 -0.0433 65 0 189
1.0000 -0.8667 -0.3333 -0.1094 0.3236 -0.1804 108 0 146
1.0000 -0.8667 -0.2000 -0.0259 0.4163 -0.1981 133 0 121
1.0000 -0.8667 -0.0667 0.0881 0.4670 -0.0847 140 0 114
1.0000 -0.8667 0.0667 0.2128 0.4670 0.0847 152 0 102
1.0000 -0.8667 0.2000 0.3268 0.4163 0.1981 167 0 87
1.0000 -0.8667 0.3333 0.4102 0.3236 0.1804 163 0 91
1.0000 -0.8667 0.4667 0.4488 0.2049 0.0433 144 0 110
1.0000 -0.8667 0.6000 0.4358 0.0809 -0.1224 132 0 122
1.0000 -0.8667 0.7333 0.3734 -0.0272 -0.2072 122 0 132
1.0000 -0.8667 0.8667 0.2725 -0.1005 -0.1548 89 0 165
1.0000 -0.8667 1.0000 0.1504 -0.1264 -0.0000 45 0 209
1.0000 -0.7333 -1.0000 0.1576 -0.0851 0.0000 39 0 215
1.0000 -0.7333 -0.8667 0.0355 -0.0592 0.1722 41 0 213
1.0000 -0.7333 -0.7333 -0.0654 0.0141 0.2305 59 0 195
1.0000 -0.7333 -0.6000 -0.1278 0.1222 0.1362 54 0 200
1.0000 -0.7333 -0.4667 -0.1408 0.2462 -0.0482 75 0 179
1.0000 -0.7333 -0.3333 -0.1022 0.3649 -0.2007 122 0 132
1.0000 -0.7333 -0.2000 -0.0188 0.4576 -0.2204 148 0 106
1.0000 -0.7333 -0.0667 0.0952 0.5083 -0.0943 154 0 100
1.0000 -0.7333 0.0667 0.2199 0.5083 0.0943 166 0 88
1.0000 -0.7333 0.2000 0.3339 0.4576 0.2204 181 0 73
1.0000 -0.7333 0.3333 0.4174 0.3649 0.2007 175 0 79
1.0000 -0.7333 0.4667 0.4559 0.2462 0.0482 152 0 102
1.0000 -0.7333 0.6000 0.4429 0.1222 -0.1362 138 0 116
1.0000 -0.7333 0.7333 0.3805 0.0141 -0.2305 127 0 127
1.0000 -0.7333 0.8667 0.2796 -0.0592 -0.1722 90 0 164
1.0000 -0.7333 1.0000 0.1576 -0.0851 -0.0000 39 0 215
1.0000 -0.6000 -1.0000 0.1540 -0.0433 0.0000 33 0 221
1.0000 -0.6000 -0.8667 0.0320 -0.0174 0.1882 43 0 211
1.0000 -0.6000 -0.7333 -0.0689 0.0559 0.2519 68 0 186
1.0000 -0.6000 -0.6000 -0.1313 0.1640 0.1489 65 0 189
1.0000 -0.6000 -0.4667 -0.1444 0.2880 -0.0527 88 0 166
1.0000 -0.6000 -0.3333 -0.1058 0.4067 -0.2194 137 0 117
1.0000 -0.6000 -0.2000 -0.0223 0.4994 -0.2409 164 0 90
1.0000 -0.6000 -0.0667 0.0916 0.5501 -0.1030 168 0 86
1.0000 -0.6000 0.0667 0.2164 0.5501 0.1030 179 0 75
1.0000 -0.6000 0.2000 0.3303 0.4994 0.2409 194 0 60
1.0000 -0.6000 0.3333 0.4138 0.4067 0.2194 185 0 69
1.0000 -0.6000 0.4667 0.4524 0.2880 0.0527 158 0 96
1.0000 -0.6000 0.6000 0.4393 0.1640 -0.1489 143 0 111
1.0000 -0.6000 0.7333 0.3769 0.0559 -0.2519 131 0 123
1.0000 -0.6000 0.8667 0.2760 -0.0174 -0.1882 91 0 163
1.0000 -0.6000 1.0000 0.1540 -0.0433 -0.0000 33 0 221
1.0000 -0.4667 -1.0000 0.1381 -0.0041 0.0000 26 0 228
1.0000 -0.4667 -0.8667 0.0161 0.0218 0.2021 47 0 207
1.0000 -0.4667 -0.7333 -0.0849 0.0951 0.2705 79 0 175
1.0000 -0.4667 -0.6000 -0.1472 0.2032 0.1599 78 0 176
1.0000 -0.4667 -0.4667 -0.1603 0.3272 -0.0565 102 0 152
1.0000 -0.4667 -0.3333 -0.1217 0.4459 -0.2355 152 0 102
1.0000 -0.4667 -0.2000 -0.0383 0.5386 -0.2587 178 0 76
1.0000 -0.4667 -0.0667 0.0757 0.5893 -0.1106 180 0 74
1.0000 -0.4667 0.0667 0.2005 0.5893 0.1106 189 0 65
1.0000 -0.4667 0.2000 0.3144 0.5386 0.2587 203 0 51
1.0000 -0.4667 0.3333 0.3979 0.4459 0.2355 193 0 61
1.0000 -0.4667 0.4667 0.4364 0.3272 0.0565 161 0 93
1.0000 -0.4667 0.6000 0.4234 0.2032 -0.1599 144 0 110
1.0000 -0.4667 0.7333 0.3610 0.0951 -0.2705 132 0 122
1.0000 -0.4667 0.8667 0.2601 0.0218 -0.2021 89 0 165
1.0000 -0.4667 1.0000 0.1381 -0.0041 -0.0000 26 0 228
1.0000 -0.3333 -1.0000 0.1097 0.0292 0.0000 17 0 237
1.0000 -0.3333 -0.8667 -0.0123 0.0551 0.2132 53 0 201
1.0000 -0.3333 -0.7333 -0.1132 0.1285 0.2853 90 0 164
1.0000 -0.3333 -0.6000 -0.1756 0.2365 0.1686 92 0 162
1.0000 -0.3333 -0.4667 -0.1886 0.3606 -0.0596 116 0 138
1.0000 -0.3333 -0.3333 -0.1501 0.4792 -0.2484 165 0 89
1.0000 -0.3333 -0.2000 -0.0666 0.5719 -0.2728 191 0 63
1.0000 -0.3333 -0.0667 0.0474 0.6226 -0.1167 190 0 64
1.0000 -0.3333 0.0667 0.1721 0.6226 0.1167 197 0 57
1.0000 -0.3333 0.2000 0.2861 0.5719 0.2728 210 0 44
1.0000 -0.3333 0.3333 0.3695 0.4792 0.2484 196 0 58
1.0000 -0.3333 0.4667 0.4081 0.3606 0.0596 161 0 93
1.0000 -0.3333 0.6000 0.3950 0.2365 -0.1686 142 0 112
1.0000 -0.3333 0.7333 0.3327 0.1285 -0.2853 131 0 123
1.0000 -0.3333 0.8667 0.2318 0.0551 -0.2132 86 0 168
1.0000 -0.3333 1.0000 0.1097 0.0292 -0.0000 17 0 237
1.0000 -0.2000 -1.0000 0.0707 0.0535 0.0000 9 0 245
1.0000 -0.2000 -0.8667 -0.0513 0.0794 0.2209 59 0 195
1.0000 -0.2000 -0.7333 -0.1523 0.1527 0.2956 101 0 153
1.0000 -0.2000 -0.6000 -0.2146 0.2607 0.1747 106 0 148
1.0000 -0.2000 -0.4667 -0.2277 0.3848 -0.0618 129 0 125
1.0000 -0.2000 -0.3333 -0.1891 0.5035 -0.2574 177 0 77
1.0000 -0.2000 -0.2000 -0.1056 0.5962 -0.2827 201 0 53
1.0000 -0.2000 -0.0667 0.0083 0.6469 -0.1209 198 0 56
1.0000 -0.2000 0.0667 0.1331 0.6469 0.1209 202 0 52
1.0000 -0.2000 0.2000 0.2470 0.5962 0.2827 213 0 41
1.0000 -0.2000 0.3333 0.3305 0.5035 0.2574 197 0 57
1.0000 -0.2000 0.4667 0.3690 0.3848 0.0618 158 0 96
1.0000 -0.2000 0.6000 0.3560 0.2607 -0.1747 137 0 117
1.0000 -0.2000 0.7333 0.2936 0.1527 -0.2956 127 0 127
1.0000 -0.2000 0.8667 0.1927 0.0794 -0.2209 80 0 174
1.0000 -0.2000 1.0000 0.0707 0.0535 -0.0000 9 0 245
1.0000 -0.0667 -1.0000 0.0244 0.0662 0.0000 3 0 251
1.0000 -0.0667 -0.8667 -0.0976 0.0922 0.2249 67 0 187
1.0000 -0.0667 -0.7333 -0.1985 0.1655 0.3009 111 0 143
1.0000 -0.0667 -0.6000 -0.2609 0.2735 0.1779 118 0 136
1.0000 -0.0667 -0.4667 -0.2739 0.3976 -0.0629 141 0 113
1.0000 -0.0667 -0.3333 -0.2354 0.5162 -0.2621 187 0 67
1.0000 -0.0667 -0.2000 -0.1519 0.6090 -0.2878 208 0 46
1.0000 -0.0667 -0.0667 -0.0380 0.6597 -0.1231 202 0 52
1.0000 -0.0667 0.0667 0.0868 0.6597 0.1231 204 0 50
1.0000 -0.0667 0.2000 0.2008 0.6090 0.2878 213 0 41
1.0000 -0.0667 0.3333 0.2842 0.5162 0.2621 193 0 61
1.0000 -0.0667 0.4667 0.3228 0.3976 0.0629 151 0 103
1.0000 -0.0667 0.6000 0.3097 0.2735 -0.1779 129 0 125
1.0000 -0.0667 0.7333 0.2474 0.1655 -0.3009 120 0 134
1.0000 -0.0667 0.8667 0.1464 0.0922 -0.2249 74 0 180
1.0000 -0.0667 1.0000 0.0244 0.0662 -0.0000 3 0 251
1.0000 0.0667 -1.0000 -0.0244 0.0662 0.0000 3 0 251
1.0000 0.0667 -0.8667 -0.1464 0.0922 0.2249 74 0 180
1.0000 0.0667 -0.7333 -0.2474 0.1655 0.3009 120 0 134
1.0000 0.0667 -0.6000 -0.3097 0.2735 0.1779 129 0 125
1.0000 0.0667 -0.4667 -0.3228 0.3976 -0.0629 151 0 103
1.0000 0.0667 -0.3333 -0.2842 0.5162 -0.2621 193 0 61
1.0000 0.0667 -0.2000 -0.2008 0.6090 -0.2878 213 0 41
1.0000 0.0667 -0.0667 -0.0868 0.6597 -0.1231 204 0 50
1.0000 0.0667 0.0667 0.0380 0.6597 0.1231 202 0 52
1.0000 0.0667 0.2000 0.1519 0.6090 0.2878 208 0 46
1.0000 0.0667 0.3333 0.2354 0.5162 0.2621 187 0 67
1.0000 0.0667 0.4667 0.2739 0.3976 0.0629 141 0 113
1.0000 0.0667 0.6000 0.2609 0.2735 -0.1779 118 0 136
1.0000 0.0667 0.7333 0.1985 0.1655 -0.3009 111 0 143
1.0000 0.0667 0.8667 0.0976 0.0922 -0.2249 67 0 187
1.0000 0.0667 1.0000 -0.0244 0.0662 -0.0000 3 0 251
1.0000 0.2000 -1.0000 -0.0707 0.0535 0.0000 9 0 245
1.0000 0.2000 -0.8667 -0.1927 0.0794 0.2209 80 0 174
1.0000 0.2000 -0.7333 -0.2936 0.1527 0.2956 127 0 127
1.0000 0.2000 -0.6000 -0.3560 0.2607 0.1747 137 0 117
1.0000 0.2000 -0.4667 -0.3690 0.3848 -0.0618 158 0 96
1.0000 0.2000 -0.3333 -0.3305 0.5035 -0.2574 197 0 57
1.0000 0.2000 -0.2000 -0.2470 0.5962 -0.2827 213 0 41
1.0000 0.2000 -0.0667 -0.1331 0.6469 -0.1209 202 0 52
1.0000 0.2000 0.0667 -0.0083 0.6469 0.1209 198 0 56
1.0000 0.2000 0.2000 0.1056 0.5962 0.2827 201 0 53
1.0000 0.2000 0.3333 0.1891 0.5035 0.2574 177 0 77
1.0000 0.2000 0.4667 0.2277 0.3848 0.0618 129 0 125
1.0000 0.2000 0.6000 0.2146 0.2607 -0.1747 106 0 148
1.0000 0.2000 0.7333 0.1523 0.1527 -0.2956 101 0 153
1.0000 0.2000 0.8667 0.0513 0.0794 -0.2209 59 0 195
1.0000 0.2000 1.0000 -0.0707 0.0535 -0.0000 9 0 245
1.0000 0.3333 -1.0000 -0.1097 0.0292 0.0000 17 0 237
1.0000 0.3333 -0.8667 -0.2318 0.0551 0.2132 86 0 168
1.0000 0.3333 -0.7333 -0.3327 0.1285 0.2853 131 0 123
1.0000 0.3333 -0.6000 -0.3950 0.2365 0.1686 142 0 112
1.0000 0.3333 -0.4667 -0.4081 0.3606 -0.0596 161 0 93
1.0000 0.3333 -0.3333 -0.3695 0.4792 -0.2484 196 0 58
1.0000 0.3333 -0.2000 -0.2861 0.5719 -0.2728 210 0 44
1.0000 0.3333 -0.0667 -0.1721 0.6226 -0.1167 197 0 57
1.0000 0.3333 0.0667 -0.0474 0.6226 0.1167 190 0 64
1.0000 0.3333 0.2000 0.0666 0.5719 0.2728 191 0 63
1.0000 0.3333 0.3333 0.1501 0.4792 0.2484 165 0 89
1.0000 0.3333 0.4667 0.1886 0.3606 0.0596 116 0 138
1.0000 0.3333 0.6000 0.1756 0.2365 -0.1686 92 0 162
1.0000 0.3333 0.7333 0.1132 0.1285 -0.2853 90 0 164
1.0000 0.3333 0.8667 0.0123 0.0551 -0.2132 53 0 201
1.0000 0.3333 1.0000 -0.1097 0.0292 -0.0000 17 0 237
1.0000 0.4667 -1.0000 -0.1381 -0.0041 0.0000 26 0 228
1.0000 0.4667 -0.8667 -0.2601 0.0218 0.2021 89 0 165
1.0000 0.4667 -0.7333 -0.3610 0.0951 0.2705 132 0 122
1.0000 0.4667 -0.6000 -0.4234 0.2032 0.1599 144 0 110
1.0000 0.4667 -0.4667 -0.4364 0.3272 -0.0565 161 0 93
1.0000 0.4667 -0.3333 -0.3979 0.4459 -0.2355 193 0 61
1.0000 0.4667 -0.2000 -0.3144 0.5386 -0.2587 203 0 51
1.0000 0.4667 -0.0667 -0.2005 0.5893 -0.1106 189 0 65
1.0000 0.4667 0.0667 -0.0757 0.5893 0.1106 180 0 74
1.0000 0.4667 0.2000 0.0383 0.5386 0.2587 178 0 76
1.0000 0.4667 0.3333 0.1217 0.4459 0.2355 152 0 102
1.0000 0.4667 0.4667 0.1603 0.3272 0.0565 102 0 152
1.0000 0.4667 0.6000 0.1472 0.2032 -0.1599 78 0 176
1.0000 0.4667 0.7333 0.0849 0.0951 -0.2705 79 0 175
1.0000 0.4667 0.8667 -0.0161 0.0218 -0.2021 47 0 207
1.0000 0.4667 1.0000 -0.1381 -0.0041 -0.0000 26 0 228
1.0000 0.6000 -1.0000 -0.1540 -0.0433 0.0000 33 0 221
1.0000 0.6000 -0.8667 -0.2760 -0.0174 0.1882 91 0 163
1.0000 0.6000 -0.7333 -0.3769 0.0559 0.2519 131 0 123
1.0000 0.6000 -0.6000 -0.4393 0.1640 0.1489 143 0 111
1.0000 0.6000 -0.4667 -0.4524 0.2880 -0.0527 158 0 96
1.0000 0.6000 -0.3333 -0.4138 0.4067 -0.2194 185 0 69
1.0000 0.6000 -0.2000 -0.3303 0.4994 -0.2409 194 0 60
1.0000 0.6000 -0.0667 -0.2164 0.5501 -0.1030 179 0 75
1.0000 0.6000 0.0667 -0.0916 0.5501 0.1030 168 0 86
1.0000 0.6000 0.2000 0.0223 0.4994 0.2409 164 0 90
1.0000 0.6000 0.3333 0.1058 0.4067 0.2194 137 0 117
1.0000 0.6000 0.4667 0.1444 0.2880 0.0527 88 0 166
1.0000 0.6000 0.6000 0.1313 0.1640 -0.1489 65 0 189
1.0000 0.6000 0.7333 0.0689 0.0559 -0.2519 68 0 186
1.0000 0.6000 0.8667 -0.0320 -0.0174 -0.1882 43 0 211
1.0000 0.6000 1.0000 -0.1540 -0.0433 -0.0000 33 0 221
1.0000 0.7333 -1.0000 -0.1576 -0.0851 0.0000 39 0 215
1.0000 0.7333 -0.8667 -0.2796 -0.0592 0.1722 90 0 164
1.0000 0.7333 -0.7333 -0.3805 0.0141 0.2305 127 0 127
1.0000 0.7333 -0.6000 -0.4429 0.1222 0.1362 138 0 116
1.0000 0.7333 -0.4667 -0.4559 0.2462 -0.0482 152 0 102
1.0000 0.7333 -0.3333 -0.4174 0.3649 -0.2007 175 0 79
1.0000 0.7333 -0.2000 -0.3339 0.4576 -0.2204 181 0 73
1.0000 0.7333 -0.0667 -0.2199 0.5083 -0.0943 166 0 88
1.0000 0.7333 0.0667 -0.0952 0.5083 0.0943 154 0 100
1.0000 0.7333 0.2000 0.0188 0.4576 0.2204 148 0 106
1.0000 0.7333 0.3333 0.1022 0.3649 0.2007 122 0 132
1.0000 0.7333 0.4667 0.1408 0.2462 0.0482 75 0 179
1.0000 0.7333 0.6000 0.1278 0.1222 -0.1362 54 0 200
1.0000 0.7333 0.7333 0.0654 0.0141 -0.2305 59 0 195
1.0000 0.7333 0.8667 -0.0355 -0.0592 -0.1722 41 0 213
1.0000 0.7333 1.0000 -0.1576 -0.0851 -0.0000 39 0 215
1.0000 0.8667 -1.0000 -0.1504 -0.1264 0.0000 45 0 209
1.0000 0.8667 -0.8667 -0.2725 -0.1005 0.1548 89 0 165
1.0000 0.8667 -0.7333 -0.3734 -0.0272 0.2072 122 0 132
1.0000 0.8667 -0.6000 -0.4358 0.0809 0.1224 132 0 122
1.0000 0.8667 -0.4667 -0.4488 0.2049 -0.0433 144 0 110
1.0000 0.8667 -0.3333 -0.4102 0.3236 -0.1804 163 0 91
1.0000 0.8667 -0.2000 -0.3268 0.4163 -0.1981 167 0 87
1.0000 0.8667 -0.0667 -0.2128 0.4670 -0.0847 152 0 102
1.0000 0.8667 0.0667 -0.0881 0.4670 0.0847 140 0 114
1.0000 0.8667 0.2000 0.0259 0.4163 0.1981 133 0 121
1.0000 0.8667 0.3333 0.1094 0.3236 0.1804 108 0 146
1.0000 0.8667 0.4667 0.1479 0.2049 0.0433 65 0 189
1.0000 0.8667 0.6000 0.1349 0.0809 -0.1224 46 0 208
1.0000 0.8667 0.7333 0.0725 -0.0272 -0.2072 53 0 201
1.0000 0.8667 0.8667 -0.0284 -0.1005 -0.1548 42 0 212
1.0000 0.8667 1.0000 -0.1504 -0.1264 -0.0000 45 0 209
1.0000 1.0000 -1.0000 -0.1353 -0.1647 0.0000 50 0 204
1.0000 1.0000 -0.8667 -0.2574 -0.1387 0.1367 87 0 167
1.0000 1.0000 -0.7333 -0.3583 -0.0654 0.1829 115 0 139
1.0000 1.0000 -0.6000 -0.4207 0.0426 0.1081 124 0 130
1.0000 1.0000 -0.4667 -0.4337 0.1667 -0.0382 134 0 120
1.0000 1.0000 -0.3333 -0.3951 0.2853 -0.1593 150 0 104
1.0000 1.0000 -0.2000 -0.3117 0.3780 -0.1749 152 0 102
1.0000 1.0000 -0.0667 -0.1977 0.4288 -0.0748 138 0 116
1.0000 1.0000 0.0667 -0.0730 0.4288 0.0748 126 0 128
1.0000 1.0000 0.2000 0.0410 0.3780 0.1749 118 0 136
1.0000 1.0000 0.3333 0.1245 0.2853 0.1593 96 0 158
1.0000 1.0000 0.4667 0.1630 0.1667 0.0382 58 0 196
1.0000 1.0000 0.6000 0.1500 0.0426 -0.1081 43 0 211
1.0000 1.0000 0.7333 0.0876 -0.0654 -0.1829 50 0 204
1.0000 1.0000 0.8667 -0.0133 -0.1387 -0.1367 44 0 210
1.0000 1.0000 1.0000 -0.1353 -0.1647 -0.0000 50 0 204
